,2,1,Cum,cum,,c--------
,2,1,esset,sum,1,v3sisa---
,2,1,Caesar,Caesar,,n-s---mn-
,2,1,in,in,,r--------
,2,1,citeriore,citer,,a-s---fbc
,2,1,Gallia,Gallia,,n-s---fb-
,2,1,in,in,1,r--------
,2,1,hibernis,hibernus,,a-p---nb-
,2,1,ita,ita,,d--------
,2,1,uti,ut,,c--------
,2,1,supra,supra,,d--------
,2,1,demonstravimus,demonstro,,v1pria---
,2,1,crebri,creber,,a-p---mn-
,2,1,ad,ad,1,r--------
,2,1,eum,is,,p-s---ma-
,2,1,rumores,rumor,,n-p---mn-
,2,1,adferebantur,affero,,v3piip---
,2,1,litteris,littera,,n-p---fb-
,2,1,-que,-que,,c--------
,2,1,item,item,,d--------
,2,1,Labieni,Labienus,,n-s---mg-
,2,1,certior,certus,,a-s---mnc
,2,1,fiebat,fio,,v3siia---
,2,1,omnes,omnis,,a-p---ma-
,2,1,Belgas,Belgae,,n-p---ma-
,2,1,quam,qui,1,p-s---fa-
,2,1,tertiam,tertius,,m-s---fa-
,2,1,esse,sum,1,v--pna---
,2,1,Galliae,Gallia,,n-s---fg-
,2,1,partem,pars,,n-s---fa-
,2,1,dixeramus,dico,2,v1plia---
,2,1,contra,contra,,r--------
,2,1,populum,populus,1,n-s---ma-
,2,1,Romanum,Romanus,,a-s---ma_
,2,1,coniurare,conjuro,,v--pna---
,2,1,obsides,obses,,n-p---ma-
,2,1,-que,-que,,c--------
,2,1,inter,inter,,r--------
,2,1,se,sui,,p-p---ma-
,2,1,dare,do,,v--pna---
,2,1,Coniurandi,conjuro,,v___d_-g-
,2,1,has,hic,1,p-p---fa-
,2,1,esse,sum,1,v--pna---
,2,1,causas,causa,1,n-p---fa-
,2,1,primum,primus,,d-------_
,2,1,quod,quod,1,c--------
,2,1,vererentur,vereor,,v3pisd---
,2,1,ne,ne,1,c--------
,2,1,omni,omnis,1,a-s---fb-
,2,1,pacata,paco,2,v-srppfb-
,2,1,Gallia,Gallia,1,n-s---fb-
,2,1,ad,ad,1,r--------
,2,1,eos,is,1,p-p---ma-
,2,1,exercitus,exercitus,2,n-s---mn-
,2,1,noster,noster,,p-s---mn-
,2,1,adduceretur,adduco,1,v3sisp---
,2,1,deinde,deinde,1,d--------
,2,1,quod,quod,1,c--------
,2,1,ab,ab,1,r--------
,2,1,non,non,1,d--------
,2,1,nullis,nullus,1,a-p---mb-
,2,1,Gallis,Galli,1,n-p---mb-
,2,1,sollicitarentur,sollicito,1,v3pisp---
,2,1,partim,pars,,d--------
,2,1,qui,qui,1,p-p---mn-
,2,1,ut,ut,,c--------
,2,1,Germanos,Germani,1,n-p---ma-
,2,1,diutius,diu,,d-------c
,2,1,in,in,1,r--------
,2,1,Gallia,Gallia,1,n-s---fb-
,2,1,versari,verso,1,v--pnp---
,2,1,noluerant,nolo,1,v3plia---
,2,1,ita,ita,1,d--------
,2,1,populi,populus,1,n-s---mg-
,2,1,Romani,Romanus,1,a-s---mg-
,2,1,exercitum,exercitus,2,n-s---ma-
,2,1,hiemare,hiemo,1,v--pna---
,2,1,atque,atque,1,c--------
,2,1,inveterascere,inveterasco,1,v--pna---
,2,1,in,in,1,r--------
,2,1,Gallia,Gallia,1,n-s---fb-
,2,1,moleste,molestus,1,d--------
,2,1,ferebant,fero,1,v3piia---
,2,1,partim,pars,1,d--------
,2,1,qui,qui,1,p-p---mn-
,2,1,mobilitate,mobilitas,1,n-s---fb-
,2,1,et,et,1,c--------
,2,1,levitate,levitas,1,n-s---fb-
,2,1,animi,animus,1,n-s---mg-
,2,1,novis,novus,1,a-p---nd-
,2,1,imperiis,imperium,1,n-p---nd-
,2,1,studebant,studeo,1,v3piia---
,2,1,ab,ab,1,r--------
,2,1,non,non,1,d--------
,2,1,nullis,nullus,1,a-p---mb-
,2,1,etiam,etiam,1,d--------
,2,1,quod,quod,1,c--------
,2,1,in,in,1,r--------
,2,1,Gallia,Gallia,1,n-s---fb-
,2,1,a,ab,1,r--------
,2,1,potentioribus,possum,,v-pppambc
,2,1,atque,atque,1,c--------
,2,1,iis,is,1,p-p---mb-
,2,1,qui,qui,1,p-p---mn-
,2,1,ad,ad,1,r--------
,2,1,conducendos,conduco,,v-p-g-ma-
,2,1,homines,homo,1,n-p---ma-
,2,1,facultates,facultas,1,n-p---fa-
,2,1,habebant,habeo,1,v3piia---
,2,1,vulgo,vulgus,,d-------_
,2,1,regna,regnum,1,n-p---nn-
,2,1,occupabantur,occupo,1,v3piip---
,2,1,qui,qui,1,p-p---mn-
,2,1,minus,parvus,,d-------c
,2,1,facile,facilis,1,d--------
,2,1,eam,is,1,p-s---fa-
,2,1,rem,res,1,n-s---fa-
,2,1,imperio,imperium,1,n-s---nb-
,2,1,nostro,noster,,p-s---nb-
,2,1,consequi,consequor,,v--pnd---
,2,1,poterant,possum,1,v3piia---
,2,2,His,hic,,p-p---nb-
,2,2,nuntiis,nuntius,,a-p---nb-
,2,2,litteris,littera,1,n-p---fb-
,2,2,-que,-que,,c--------
,2,2,commotus,commoveo,1,v-srppmn-
,2,2,Caesar,Caesar,1,n-s---mn-
,2,2,duas,duo,,m-p---fa-
,2,2,legiones,legio,1,n-p---fa-
,2,2,in,in,1,r--------
,2,2,citeriore,citer,1,a-s---fbc
,2,2,Gallia,Gallia,1,n-s---fb-
,2,2,novas,novus,1,a-p---fa-
,2,2,conscripsit,conscribo,1,v3sria---
,2,2,et,et,1,c--------
,2,2,inita,ineo,1,v-srppfb-
,2,2,aestate,aestas,1,n-s---fb-
,2,2,in,in,1,r--------
,2,2,ulteriorem,ulter,,a-s---fac
,2,2,Galliam,Gallia,1,n-s---fa-
,2,2,qui,qui,1,p-s---mn-
,2,2,deduceret,deduco,1,v3sisa---
,2,2,Q,Quintus,2,n-s---ma-
,2,2,Pedium,Pedius,1,n-s---ma-
,2,2,legatum,legatus,1,n-s---ma-
,2,2,misit,mitto,1,v3sria---
,2,2,Ipse,ipse,1,p-s---mn-
,2,2,cum,cum,1,c--------
,2,2,primum,primus,1,d--------
,2,2,pabuli,pabulum,1,n-s---ng-
,2,2,copia,copia,1,n-s---fn-
,2,2,esse,sum,1,v--pna---
,2,2,inciperet,incipio,1,v3sisa---
,2,2,ad,ad,1,r--------
,2,2,exercitum,exercitus,2,n-s---ma-
,2,2,venit,venio,1,v3sria---
,2,2,Dat,do,1,v3spia---
,2,2,negotium,negotium,1,n-s---na-
,2,2,Senonibus,Senones,1,n-p---md-
,2,2,reliquis,reliquus,1,a-p---md-
,2,2,-que,-que,1,c--------
,2,2,Gallis,Galli,1,n-p---md-
,2,2,qui,qui,1,p-s---mn-
,2,2,finitimi,finitimus,1,a-p---mn-
,2,2,Belgis,Belgae,1,n-p---md-
,2,2,erant,sum,1,v3piia---
,2,2,uti,ut,,c--------
,2,2,ea,is,1,p-p---na-
,2,2,quae,qui,1,p-p---nn-
,2,2,apud,apud,1,r--------
,2,2,eos,is,1,p-p---ma-
,2,2,gerantur,gero,1,v3ppsp---
,2,2,cognoscant,cognosco,1,v3ppsa---
,2,2,se,sui,1,p-s---ma-
,2,2,-que,-que,1,c--------
,2,2,de,de,1,r--------
,2,2,his,hic,,p-p---fb-
,2,2,rebus,res,1,n-p---fb-
,2,2,certiorem,certus,1,a-s---mac
,2,2,faciant,facio,1,v3ppsa---
,2,2,Hi,hic,1,p-p---mn-
,2,2,constanter,consto,,d-------_
,2,2,omnes,omnis,1,a-p---mn-
,2,2,nuntiaverunt,nuntio,1,v3pria---
,2,2,manus,manus,1,n-p---fa-
,2,2,cogi,cogo,1,v--pnp---
,2,2,exercitum,exercitus,2,n-s---ma-
,2,2,in,in,1,r--------
,2,2,unum,unus,,m-s---ma-
,2,2,locum,locus,1,n-s---ma-
,2,2,conduci,conduco,1,v--pnp---
,2,2,Tum,tum,1,d--------
,2,2,vero,verus,1,d--------
,2,2,dubitandum,dubito,1,v-spgpna-
,2,2,non,non,1,d--------
,2,2,existimavit,existimo,1,v3sria---
,2,2,quin,quin,1,c--------
,2,2,ad,ad,1,r--------
,2,2,eos,is,1,p-p---ma-
,2,2,proficisceretur,proficiscor,1,v3sisp---
,2,2,Re,res,1,n-s---fb-
,2,2,frumentaria,frumentarius,1,a-s---fb-
,2,2,provisa,provideo,1,v-srppfb-
,2,2,castra,castrum,1,n-p---na-
,2,2,movet,moveo,1,v3spia---
,2,2,diebus,dies,,n-p---mb-
,2,2,-que,-que,1,c--------
,2,2,circiter,circiter,1,d--------
,2,2,XV,quindecim,,m-_---__-
,2,2,ad,ad,1,r--------
,2,2,fines,finis,1,n-p---fa-
,2,2,Belgarum,Belgae,1,n-p---mg-
,2,2,pervenit,pervenio,,v3spia---
,2,3,Eo,eo,2,d--------
,2,3,cum,cum,1,c--------
,2,3,de,de,1,r--------
,2,3,improviso,improvisus,,a-s---nb-
,2,3,celerius,celer,1,d-------c
,2,3,-que,-que,1,c--------
,2,3,omnium,omnis,,a-p---mg-
,2,3,opinione,opinio,1,n-s---fb-
,2,3,venisset,venio,1,v3slsa---
,2,3,Remi,Remi,1,n-p---mn-
,2,3,qui,qui,1,p-p---mn-
,2,3,proximi,propior,,a-p---mns
,2,3,Galliae,Gallia,1,n-s---fd-
,2,3,ex,ex,1,r--------
,2,3,Belgis,Belgae,1,n-p---mb-
,2,3,sunt,sum,1,v3ppia---
,2,3,ad,ad,1,r--------
,2,3,eum,is,1,p-s---ma-
,2,3,legatos,legatus,1,n-p---ma-
,2,3,Iccium,Iccius,1,n-s---ma-
,2,3,et,et,1,c--------
,2,3,Andebrogium,Andebrogius,1,n-s---ma-
,2,3,primos,primus,,m-p---ma-
,2,3,civitatis,civitas,1,n-s---fg-
,2,3,miserunt,mitto,1,v3pria---
,2,3,qui,qui,1,p-p---mn-
,2,3,dicerent,dico,2,v3pisa---
,2,3,se,sui,1,p-p---ma-
,2,3,sua,suus,,p-p---na-
,2,3,-que,-que,1,c--------
,2,3,omnia,omnis,1,a-p---na-
,2,3,in,in,1,r--------
,2,3,fidem,fides,1,n-s---fa-
,2,3,atque,atque,1,c--------
,2,3,potestatem,potestas,1,n-s---fa-
,2,3,populi,populus,1,n-s---mg-
,2,3,Romani,Romanus,1,a-s---mg-
,2,3,permittere,permitto,1,v--pna---
,2,3,neque,neque,,c--------
,2,3,se,sui,1,p-p---ma-
,2,3,cum,cum,1,r--------
,2,3,reliquis,reliquus,1,a-p---mb-
,2,3,Belgis,Belgae,1,n-p---mb-
,2,3,consensisse,consentio,1,v--rna---
,2,3,neque,neque,,c--------
,2,3,contra,contra,1,r--------
,2,3,populum,populus,1,n-s---ma-
,2,3,Romanum,Romanus,1,a-s---ma-
,2,3,coniurasse,conjuro,1,v--rna---
,2,3,paratos,paro,1,v-prppma-
,2,3,-que,-que,1,c--------
,2,3,esse,sum,1,v--pna---
,2,3,et,et,1,c--------
,2,3,obsides,obses,1,n-p---ma-
,2,3,dare,do,1,v--pna---
,2,3,et,et,1,c--------
,2,3,imperata,impero,,v-prppna-
,2,3,facere,facio,1,v--pna---
,2,3,et,et,1,c--------
,2,3,oppidis,oppidum,1,n-p---nb-
,2,3,recipere,recipio,1,v--pna---
,2,3,et,et,1,c--------
,2,3,frumento,frumentum,1,n-s---nb-
,2,3,ceteris,ceterus,1,a-p---fb-
,2,3,-que,-que,1,c--------
,2,3,rebus,res,1,n-p---fb-
,2,3,iuvare,juvo,1,v--pna---
,2,3,reliquos,reliquus,1,a-p---ma-
,2,3,omnes,omnis,1,a-p---ma-
,2,3,Belgas,Belgae,1,n-p---ma-
,2,3,in,in,1,r--------
,2,3,armis,arma,1,n-p---nb-
,2,3,esse,sum,1,v--pna---
,2,3,Germanos,Germani,1,n-p---ma-
,2,3,-que,-que,1,c--------
,2,3,qui,qui,1,p-p---mn-
,2,3,cis,cis,1,r--------
,2,3,Rhenum,Rhenus,1,n-s---ma-
,2,3,incolant,incolo,1,v3ppsa---
,2,3,sese,sui,1,p-p---ma-
,2,3,cum,cum,1,r--------
,2,3,his,hic,1,p-p---mb-
,2,3,coniunxisse,conjungo,1,v--rna---
,2,3,tantum,tantus,1,a-s---ma-
,2,3,-que,-que,1,c--------
,2,3,esse,sum,1,v--pna---
,2,3,eorum,is,1,p-p---mg-
,2,3,omnium,omnis,1,a-p---mg-
,2,3,furorem,furor,2,n-s---ma-
,2,3,ut,ut,1,c--------
,2,3,ne,ne,1,c--------
,2,3,Suessiones,Suessiones,1,n-p---ma-
,2,3,quidem,quidem,1,d--------
,2,3,fratres,frater,1,n-p---ma-
,2,3,consanguineos,consanguineus,,a-p---ma-
,2,3,-que,-que,1,c--------
,2,3,suos,suus,,p-p---ma-
,2,3,qui,qui,1,p-p---mn-
,2,3,eodem,idem,1,p-s---nb-
,2,3,iure,jus,2,n-s---nb-
,2,3,et,et,1,c--------
,2,3,isdem,idem,1,p-p---fb-
,2,3,legibus,lex,1,n-p---fb-
,2,3,utantur,utor,1,v3ppsp---
,2,3,unum,unus,,m-s---na-
,2,3,imperium,imperium,1,n-s---na-
,2,3,unum,unus,,m-s---ma-
,2,3,-que,-que,1,c--------
,2,3,magistratum,magistratus,1,n-s---ma-
,2,3,cum,cum,1,r--------
,2,3,ipsis,ipse,1,p-p---mb-
,2,3,habeant,habeo,1,v3ppsa---
,2,3,deterrere,deterreo,1,v--pna---
,2,3,potuerint,possum,1,v3prsa---
,2,3,quin,quin,1,c--------
,2,3,cum,cum,1,r--------
,2,3,iis,is,1,p-p---mb-
,2,3,consentirent,consentio,1,v3pisa---
,2,5,Caesar,Caesar,1,n-s---mn-
,2,5,Remos,Remi,1,n-p---ma-
,2,5,cohortatus,cohortor,1,v-srpdmn_
,2,5,liberaliter,liberalis,1,d--------
,2,5,-que,-que,1,c--------
,2,5,oratione,oratio,1,n-s---fb-
,2,5,prosecutus,prosequor,,v-srpdmn_
,2,5,omnem,omnis,1,a-s---ma-
,2,5,senatum,senatus,1,n-s---ma-
,2,5,ad,ad,1,r--------
,2,5,se,sui,1,p-s---ma-
,2,5,convenire,convenio,1,v--pna---
,2,5,principum,princeps,1,a-p---mg_
,2,5,-que,-que,1,c--------
,2,5,liberos,liber,2,n-p---ma-
,2,5,obsides,obses,1,n-p---ma-
,2,5,ad,ad,1,r--------
,2,5,se,sui,1,p-s---ma-
,2,5,adduci,adduco,1,v--pnp---
,2,5,iussit,jubeo,1,v3sria---
,2,5,Quae,qui,1,p-p---nn-
,2,5,omnia,omnis,,a-p---nn-
,2,5,ab,ab,1,r--------
,2,5,his,hic,1,p-p---mb-
,2,5,diligenter,diligens,1,d--------
,2,5,ad,ad,1,r--------
,2,5,diem,dies,,n-s---ma-
,2,5,facta,facio,1,v-prppnn-
,2,5,sunt,sum,1,v3ppia---
,2,5,Ipse,ipse,1,p-s---mn-
,2,5,Diviciacum,Diviciacus,1,n-s---ma-
,2,5,Haeduum,Aeduus,,a-s---ma_
,2,5,magnopere,magnopere,1,d--------
,2,5,cohortatus,cohortor,,v-srpdmn_
,2,5,docet,doceo,1,v3spia---
,2,5,quantopere,quantopere,,d--------
,2,5,rei,res,1,n-s---fg-
,2,5,publicae,publicus,1,a-s---fg-
,2,5,communis,communis,1,a-s---fg-
,2,5,-que,-que,1,c--------
,2,5,salutis,salus,1,n-s---fg-
,2,5,intersit,intersum,1,v3spsa---
,2,5,manus,manus,1,n-p---fa-
,2,5,hostium,hostis,1,n-p---mg-
,2,5,distineri,distineo,1,v--pnp---
,2,5,ne,ne,1,c--------
,2,5,cum,cum,1,r--------
,2,5,tanta,tantus,1,a-s---fb-
,2,5,multitudine,multitudo,1,n-s---fb-
,2,5,uno,unus,,m-s---nb-
,2,5,tempore,tempus,1,n-s---nb-
,2,5,confligendum,confligo,,v-s-g-nn-
,2,5,sit,sum,1,v3spsa---
,2,5,Id,is,1,p-s---na-
,2,5,fieri,fio,1,v--pnp---
,2,5,posse,possum,1,v--pna---
,2,5,si,si,1,c--------
,2,5,suas,suus,,p-p---fa-
,2,5,copias,copia,1,n-p---fa-
,2,5,Haedui,Aedui,1,n-p---mn-
,2,5,in,in,1,r--------
,2,5,fines,finis,1,n-p---ma-
,2,5,Bellovacorum,Bellovaci,1,n-p---mg-
,2,5,introduxerint,introduco,,v3prsa---
,2,5,et,et,1,c--------
,2,5,eorum,is,1,p-p---mg-
,2,5,agros,ager,1,n-p---ma-
,2,5,populari,populor,,v--pnd---
,2,5,coeperint,coepio,,v3prsa---
,2,5,His,hic,1,p-p---nb-
,2,5,datis,do,1,v-prppnb-
,2,5,mandatis,mando,1,v-prppnb-
,2,5,eum,is,1,p-s---ma-
,2,5,a,ab,1,r--------
,2,5,se,sui,1,p-s---mb-
,2,5,dimittit,dimitto,1,v3spia---
,2,5,Postquam,postquam,1,c--------
,2,5,omnes,omnis,1,a-p---fa-
,2,5,Belgarum,Belgae,1,n-p---mg-
,2,5,copias,copia,1,n-p---fa-
,2,5,in,in,1,r--------
,2,5,unum,unus,,m-s---ma-
,2,5,locum,locus,1,n-s---ma-
,2,5,coactas,cogo,1,v-prppfa-
,2,5,ad,ad,1,r--------
,2,5,se,sui,1,p-s---ma-
,2,5,venire,venio,1,v--pna---
,2,5,vidit,video,1,v3sria---
,2,5,neque,neque,,c--------
,2,5,iam,jam,1,d--------
,2,5,longe,longus,1,d--------
,2,5,abesse,absum,1,v--pna---
,2,5,ab,ab,1,r--------
,2,5,iis,is,1,p-p---mb-
,2,5,quos,qui,1,p-p---ma-
,2,5,miserat,mitto,1,v3slia---
,2,5,exploratoribus,explorator,1,n-p---mb-
,2,5,et,et,1,c--------
,2,5,ab,ab,1,r--------
,2,5,Remis,Remi,1,n-p---mb-
,2,5,cognovit,cognosco,1,v3sria---
,2,5,flumen,flumen,1,n-s---na-
,2,5,Axonam,Axona,1,n-s---ma-
,2,5,quod,qui,1,p-s---nn-
,2,5,est,sum,1,v3spia---
,2,5,in,in,1,r--------
,2,5,extremis,exter,,a-p---mbs
,2,5,Remorum,Remi,1,n-p---mg-
,2,5,finibus,finis,,n-p---mb-
,2,5,exercitum,exercitus,2,n-s---ma-
,2,5,traducere,traduco,1,v--pna---
,2,5,maturavit,maturo,1,v3sria---
,2,5,atque,atque,1,c--------
,2,5,ibi,ibi,1,d--------
,2,5,castra,castrum,1,n-p---na-
,2,5,posuit,pono,1,v3sria---
,2,5,Quae,qui,1,p-s---fn-
,2,5,res,res,1,n-s---fn-
,2,5,et,et,1,c--------
,2,5,latus,latus,2,n-s---na-
,2,5,unum,unus,,m-s---na-
,2,5,castrorum,castrum,1,n-p---ng-
,2,5,ripis,ripa,1,n-p---fb-
,2,5,fluminis,flumen,1,n-s---ng-
,2,5,muniebat,munio,1,v3siia---
,2,5,et,et,1,c--------
,2,5,post,post,1,r--------
,2,5,eum,is,1,p-s---ma-
,2,5,quae,qui,1,p-p---nn-
,2,5,erant,sum,1,v3piia---
,2,5,tuta,tueor,,v-prpdna_
,2,5,ab,ab,1,r--------
,2,5,hostibus,hostis,1,n-p---mb-
,2,5,reddebat,reddo,1,v3siia---
,2,5,et,et,1,c--------
,2,5,commeatus,commeatus,,n-p---ma-
,2,5,ab,ab,1,r--------
,2,5,Remis,Remi,1,n-p---mb-
,2,5,reliquis,reliquus,1,a-p---fb-
,2,5,-que,-que,1,c--------
,2,5,civitatibus,civitas,1,n-p---fb-
,2,5,ut,ut,1,c--------
,2,5,sine,sine,1,r--------
,2,5,periculo,periculum,1,n-s---nb-
,2,5,ad,ad,1,r--------
,2,5,eum,is,1,p-s---ma-
,2,5,portari,porto,1,v--pnp---
,2,5,possent,possum,1,v3pisa---
,2,5,efficiebat,efficio,1,v3siia---
,2,5,In,in,1,r--------
,2,5,eo,is,1,p-s---nb-
,2,5,flumine,flumen,1,n-s---nb-
,2,5,pons,pons,1,n-s---mn-
,2,5,erat,sum,1,v3siia---
,2,5,Ibi,ibi,1,d--------
,2,5,praesidium,praesidium,1,n-s---na-
,2,5,ponit,pono,1,v3spia---
,2,5,et,et,1,c--------
,2,5,in,in,1,r--------
,2,5,altera,alter,1,a-s---fb-
,2,5,parte,pars,1,n-s---fb-
,2,5,fluminis,flumen,1,n-s---ng-
,2,5,Q,Quintus,2,n-s---ma-
,2,5,Titurium,Titurius,1,n-s---ma-
,2,5,Sabinum,Sabinus,1,n-s---ma-
,2,5,legatum,legatus,1,n-s---ma-
,2,5,cum,cum,1,r--------
,2,5,sex,sex,1,m--------
,2,5,cohortibus,cohors,1,n-p---fb-
,2,5,relinquit,relinquo,1,v3spia---
,2,5,castra,castrum,1,n-p---na-
,2,5,in,in,1,r--------
,2,5,altitudinem,altitudo,1,n-s---fa-
,2,5,pedum,pes,1,n-p---mg-
,2,5,XII,duodecim,,m-_---__-
,2,5,vallo,vallum,1,n-s---nb-
,2,5,fossa,fossa,1,n-s---fb-
,2,5,-que,-que,1,c--------
,2,5,duodeviginti,duodeviginti,1,m--------
,2,5,pedum,pes,1,n-p---mg-
,2,5,muniri,munio,1,v--pnp---
,2,5,iubet,jubeo,1,v3spia---
,2,7,Eo,eo,2,d--------
,2,7,de,de,1,r--------
,2,7,media,medius,1,a-s---fb-
,2,7,nocte,nox,1,n-s---fb-
,2,7,Caesar,Caesar,1,n-s---mn-
,2,7,isdem,idem,1,p-p---mb-
,2,7,ducibus,dux,1,n-p---mb-
,2,7,usus,utor,1,v-srpdmn_
,2,7,qui,qui,1,p-p---mn-
,2,7,nuntii,nuntius,1,n-p---mn-
,2,7,ab,ab,1,r--------
,2,7,Iccio,Iccius,1,n-s---mb-
,2,7,venerant,venio,1,v3plia---
,2,7,Numidas,Numida,1,n-p---ma-
,2,7,et,et,1,c--------
,2,7,Cretas,Cres,1,n-p---ma-
,2,7,sagittarios,sagittarius,1,n-p---ma-
,2,7,et,et,1,c--------
,2,7,funditores,funditor,1,n-p---ma-
,2,7,Baleares,Baliaris,,a-p---ma_
,2,7,subsidio,subsidium,1,n-s---nd-
,2,7,oppidanis,oppidanus,1,n-p---md-
,2,7,mittit,mitto,1,v3spia---
,2,7,quorum,qui,1,p-p---mg-
,2,7,adventu,adventus,1,n-s---mb-
,2,7,et,et,1,c--------
,2,7,Remis,Remi,1,n-p---md-
,2,7,cum,cum,1,r--------
,2,7,spe,spes,1,n-s---fb-
,2,7,defensionis,defensio,1,n-s---fg-
,2,7,studium,studium,1,n-s---nn-
,2,7,propugnandi,propugno,,v___d_-g-
,2,7,accessit,accedo,1,v3sria---
,2,7,et,et,1,c--------
,2,7,hostibus,hostis,1,n-p---mb-
,2,7,eadem,idem,1,p-s---fb-
,2,7,de,de,1,r--------
,2,7,causa,causa,1,n-s---fb-
,2,7,spes,spes,1,n-s---fn-
,2,7,potiundi,potior,,v-s-g-ng-
,2,7,oppidi,oppidum,1,n-s---ng-
,2,7,discessit,discedo,1,v3sria---
,2,7,Itaque,itaque,,c--------
,2,7,paulisper,paulisper,1,d--------
,2,7,apud,apud,1,r--------
,2,7,oppidum,oppidum,1,n-s---na-
,2,7,morati,moror,1,v-prpdmn_
,2,7,agros,ager,1,n-p---ma-
,2,7,-que,-que,1,c--------
,2,7,Remorum,Remi,1,n-p---mg-
,2,7,depopulati,depopulor,,v-prpdmn_
,2,7,omnibus,omnis,1,a-p---mb-
,2,7,vicis,vicus,1,n-p---mb-
,2,7,aedificiis,aedificium,1,n-p---nb-
,2,7,-que,-que,1,c--------
,2,7,quo,quo,1,d--------
,2,7,adire,adeo,1,v--pna---
,2,7,potuerant,possum,1,v3plia---
,2,7,incensis,incendo,1,v-prppnb-
,2,7,ad,ad,1,r--------
,2,7,castra,castrum,1,n-p---na-
,2,7,Caesaris,Caesar,1,n-s---mg-
,2,7,omnibus,omnis,1,a-p---fb-
,2,7,copiis,copia,1,n-p---fb-
,2,7,contenderunt,contendo,1,v3pria---
,2,7,et,et,1,c--------
,2,7,a,ab,1,r--------
,2,7,milibus,mille,,m-p---nb-
,2,7,passuum,passus,3,n-p---mg-
,2,7,minus,parvus,,d-------c
,2,7,duobus,duo,,m-p---nb-
,2,7,castra,castrum,1,n-p---na-
,2,7,posuerunt,pono,1,v3pria---
,2,7,quae,qui,1,p-p---nn-
,2,7,castra,castrum,1,n-p---nn-
,2,7,ut,ut,1,c--------
,2,7,fumo,fumus,1,n-s---mb-
,2,7,atque,atque,1,c--------
,2,7,ignibus,ignis,1,n-p---mb-
,2,7,significabatur,significo,1,v3siip---
,2,7,amplius,amplus,,d-------c
,2,7,milibus,mille,,m-p---nb-
,2,7,passuum,passus,3,n-p---mg-
,2,7,VIII,octo,,m-_---__-
,2,7,latitudinem,latitudo,1,n-s---fa-
,2,7,patebant,pateo,1,v3piia---
,2,9,Palus,palus,2,n-s---fn-
,2,9,erat,sum,1,v3siia---
,2,9,non,non,1,d--------
,2,9,magna,magnus,1,a-s---fn-
,2,9,inter,inter,1,r--------
,2,9,nostrum,noster,,p-s---ma-
,2,9,atque,atque,1,c--------
,2,9,hostium,hostis,1,n-p---mg-
,2,9,exercitum,exercitus,2,n-s---ma-
,2,9,Hanc,hic,1,p-s---fa-
,2,9,si,si,1,c--------
,2,9,nostri,noster,,p-p---mn-
,2,9,transirent,transeo,1,v3pisa---
,2,9,hostes,hostis,1,n-p---mn-
,2,9,expectabant,exspecto,1,v3piia---
,2,9,nostri,noster,,p-p---mn-
,2,9,autem,autem,1,c--------
,2,9,si,si,1,c--------
,2,9,ab,ab,1,r--------
,2,9,illis,ille,1,p-p---mb-
,2,9,initium,initium,1,n-s---nn-
,2,9,transeundi,transeo,,v___d_-g-
,2,9,fieret,fio,1,v3s-sa---
,2,9,ut,ut,1,c--------
,2,9,impeditos,impedio,1,v-prppma-
,2,9,adgrederentur,aggredior,,v3pisd---
,2,9,parati,paro,1,v-prppmn-
,2,9,in,in,1,r--------
,2,9,armis,arma,1,n-p---nb-
,2,9,erant,sum,1,v3piia---
,2,9,Interim,interim,1,d--------
,2,9,proelio,proelium,1,n-s---nb-
,2,9,equestri,equester,1,a-s---nb-
,2,9,inter,inter,1,r--------
,2,9,duas,duo,,m-p---fa-
,2,9,acies,acies,1,n-p---fa-
,2,9,contendebatur,contendo,1,v3siip---
,2,9,Ubi,ubi,1,d--------
,2,9,neutri,neuter,1,a-p---mn-
,2,9,transeundi,transeo,,v___d_-g-
,2,9,initium,initium,1,n-s---na-
,2,9,faciunt,facio,1,v3ppia---
,2,9,secundiore,secundus,1,a-s---nbc
,2,9,equitum,eques,1,n-p---mg-
,2,9,proelio,proelium,1,n-s---nb-
,2,9,nostris,noster,,p-p---md-
,2,9,Caesar,Caesar,1,n-s---mn-
,2,9,suos,suus,,p-p---ma-
,2,9,in,in,1,r--------
,2,9,castra,castrum,1,n-p---na-
,2,9,reduxit,reduco,1,v3sria---
,2,9,Hostes,hostis,1,n-p---mn-
,2,9,protinus,protinus,1,d--------
,2,9,ex,ex,1,r--------
,2,9,eo,is,1,p-s---mb-
,2,9,loco,locus,1,n-s---mb-
,2,9,ad,ad,1,r--------
,2,9,flumen,flumen,1,n-s---na-
,2,9,Axonam,Axona,1,n-s---ma-
,2,9,contenderunt,contendo,1,v3pria---
,2,9,quod,qui,1,p-s---nn-
,2,9,esse,sum,1,v--pna---
,2,9,post,post,1,r--------
,2,9,nostra,noster,,p-p---na-
,2,9,castra,castrum,1,n-p---na-
,2,9,demonstratum,demonstro,1,v-srppnn-
,2,9,est,sum,1,v3spia---
,2,9,Ibi,ibi,1,d--------
,2,9,vadis,vadum,1,n-p---nb-
,2,9,repertis,reperio,1,v-prppnb-
,2,9,partem,pars,1,n-s---fa-
,2,9,suarum,suus,,p-p---fg-
,2,9,copiarum,copia,1,n-p---fg-
,2,9,traducere,traduco,1,v--pna---
,2,9,conati,conor,,v-prpdmn_
,2,9,sunt,sum,1,v3ppia---
,2,9,eo,is,1,p-s---nb-
,2,9,consilio,consilium,1,n-s---nb-
,2,9,ut,ut,1,c--------
,2,9,si,si,1,c--------
,2,9,possent,possum,1,v3pisa---
,2,9,castellum,castellum,1,n-s---na-
,2,9,cui,qui,1,p-s---nd-
,2,9,praeerat,praesum,1,v3siia---
,2,9,Q,Quintus,2,n-s---mn-
,2,9,Titurius,Titurius,1,n-s---mn-
,2,9,legatus,legatus,1,n-s---mn-
,2,9,expugnarent,expugno,1,v3pisa---
,2,9,pontem,pons,1,n-s---ma-
,2,9,-que,-que,1,c--------
,2,9,interscinderent,interscindo,1,v3pisa---
,2,9,si,si,1,c--------
,2,9,minus,parvus,,d-------c
,2,9,potuissent,possum,1,v3plsa---
,2,9,agros,ager,1,n-p---ma-
,2,9,Remorum,Remi,1,n-p---mg-
,2,9,popularentur,populor,,v3pisd---
,2,9,qui,qui,1,p-p---mn-
,2,9,magno,magnus,1,a-s---md-
,2,9,nobis,nos,1,p-p---md-
,2,9,usui,usus,2,n-s---md-
,2,9,ad,ad,1,r--------
,2,9,bellum,bellum,1,n-s---na-
,2,9,gerendum,gero,1,v-s-g-na-
,2,9,erant,sum,1,v3piia---
,2,9,commeatu,commeatus,1,n-s---mb-
,2,9,-que,-que,1,c--------
,2,9,nostros,noster,,p-p---ma-
,2,9,prohiberent,prohibeo,1,v3pisa---
,2,14,Caesar,Caesar,1,n-s---mn-
,2,14,honoris,honor,1,n-s---mg-
,2,14,Diviciaci,Diviciacus,1,n-s---mg-
,2,14,atque,atque,1,c--------
,2,14,Haeduorum,Aedui,1,n-p---mg-
,2,14,causa,causa,1,n-s---fb-
,2,14,sese,sui,,p-s---ma-
,2,14,eos,is,1,p-p---ma-
,2,14,in,in,1,r--------
,2,14,fidem,fides,1,n-s---fa-
,2,14,recepturum,recipio,1,v-sfpama-
,2,14,et,et,1,c--------
,2,14,conservaturum,conservo,1,v-sfpama-
,2,14,dixit,dico,2,v3sria---
,2,14,et,et,1,c--------
,2,14,quod,quod,1,c--------
,2,14,erat,sum,1,v3siia---
,2,14,civitas,civitas,1,n-s---fn-
,2,14,magna,magnus,1,a-s---fb-
,2,14,inter,inter,1,r--------
,2,14,Belgas,Belgae,1,n-p---ma-
,2,14,auctoritate,auctoritas,1,n-s---fb-
,2,14,atque,atque,1,c--------
,2,14,hominum,homo,1,n-p---mg-
,2,14,multitudine,multitudo,1,n-s---fb-
,2,14,praestabat,praesto,2,v3siia---
,2,14,DC,sescenti,,m-p---ma-
,2,14,obsides,obses,1,n-p---ma-
,2,14,poposcit,posco,1,v3sria---
,2,14,His,hic,1,p-p---mb-
,2,14,traditis,trado,1,v-prppmb-
,2,14,omnibus,omnis,1,a-p---nb-
,2,14,-que,-que,1,c--------
,2,14,armis,arma,1,n-p---nb-
,2,14,ex,ex,1,r--------
,2,14,oppido,oppidum,1,n-s---nb-
,2,14,conlatis,confero,1,v-prppnb-
,2,14,ab,ab,1,r--------
,2,14,eo,is,1,p-s---mb-
,2,14,loco,locus,1,n-s---mb-
,2,14,in,in,1,r--------
,2,14,fines,finis,1,n-p---ma-
,2,14,Ambianorum,Ambianus,1,n-p---mg-
,2,14,pervenit,pervenio,1,v3sria---
,2,14,qui,qui,1,p-p---mn-
,2,14,se,sui,1,p-p---ma-
,2,14,sua,suus,,p-p---na-
,2,14,-que,-que,1,c--------
,2,14,omnia,omnis,,a-p---na-
,2,14,sine,sine,1,r--------
,2,14,mora,mora,1,n-s---fb-
,2,14,dediderunt,dedo,1,v3pria---
,2,14,Eorum,is,1,p-p---mg-
,2,14,fines,finis,1,n-p---ma-
,2,14,Nervii,Nervii,1,n-p---mn-
,2,14,attingebant,attingo,1,v3piia---
,2,14,Quorum,qui,1,p-p---mg-
,2,14,de,de,1,r--------
,2,14,natura,natura,1,n-s---fb-
,2,14,moribus,mos,1,n-p---mb-
,2,14,-que,-que,1,c--------
,2,14,Caesar,Caesar,1,n-s---mn-
,2,14,cum,cum,1,c--------
,2,14,quaereret,quaero,1,v3sisa---
,2,14,sic,sic,1,d--------
,2,14,reperiebat,reperio,1,v3siia---
,2,14,nullum,nullus,1,a-s---ma-
,2,14,esse,sum,1,v--pna---
,2,14,aditum,aditus,2,n-s---ma-
,2,14,ad,ad,1,r--------
,2,14,eos,is,1,p-p---ma-
,2,14,mercatoribus,mercator,1,n-p---md-
,2,14,nihil,nihil,1,n-s---n--
,2,14,pati,patior,1,v--pnp---
,2,14,vini,vinum,1,n-s---ng-
,2,14,reliquarum,reliquus,1,a-p---fg-
,2,14,-que,-que,1,c--------
,2,14,rerum,res,1,n-p---fg-
,2,14,ad,ad,1,r--------
,2,14,luxuriam,luxuria,1,n-s---fa-
,2,14,pertinentium,pertineo,1,v-pppafg-
,2,14,inferri,infero,1,v--pnp---
,2,14,quod,quod,1,c--------
,2,14,his,hic,1,p-p---fb-
,2,14,rebus,res,1,n-p---fb-
,2,14,relanguescere,relanguesco,1,v--pna---
,2,14,animos,animus,1,n-p---ma-
,2,14,eorum,is,1,p-p---mg-
,2,14,et,et,1,c--------
,2,14,remitti,remitto,1,v--pnp---
,2,14,virtutem,virtus,1,n-s---fa-
,2,14,existimarent,existimo,1,v3pisa---
,2,14,esse,sum,1,v--pna---
,2,14,homines,homo,1,n-p---ma-
,2,14,feros,ferus,1,a-p---ma-
,2,14,magnae,magnus,1,a-s---fg-
,2,14,-que,-que,1,c--------
,2,14,virtutis,virtus,1,n-s---fg-
,2,14,increpitare,increpito,1,v--pna---
,2,14,atque,atque,1,c--------
,2,14,incusare,incuso,1,v--pna---
,2,14,reliquos,reliquus,1,a-p---ma-
,2,14,Belgas,Belgae,1,n-p---ma-
,2,14,qui,qui,1,p-p---mn-
,2,14,se,sui,1,p-p---ma-
,2,14,populo,populus,1,n-s---md-
,2,14,Romano,Romanus,1,a-s---md-
,2,14,dedidissent,dedo,1,v3plsa---
,2,14,patriam,patrius,2,a-s---fa-
,2,14,-que,-que,1,c--------
,2,14,virtutem,virtus,1,n-s---fa-
,2,14,proiecissent,projacio,1,v3plsa---
,2,14,confirmare,confirmo,1,v--pna---
,2,14,sese,sui,1,p-p---ma-
,2,14,neque,neque,,c--------
,2,14,legatos,legatus,1,n-p---ma-
,2,14,missuros,mitto,1,v-pfpama-
,2,14,neque,neque,,c--------
,2,14,ullam,ullus,1,a-s---fa-
,2,14,condicionem,condicio,1,n-s---fa-
,2,14,pacis,pax,1,n-s---fg-
,2,14,accepturos,accipio,1,v-pfpama-
,2,15,Cum,cum,1,c--------
,2,15,per,per,1,r--------
,2,15,eorum,is,1,p-p---mg-
,2,15,fines,finis,,n-p---ma-
,2,15,triduum,triduum,1,n-s---na-
,2,15,iter,iter,1,n-s---na-
,2,15,fecisset,facio,1,v3slsa---
,2,15,inveniebat,invenio,1,v3siia---
,2,15,ex,ex,1,r--------
,2,15,captivis,captivus,1,n-p---mb-
,2,15,Sabim,Sabis,1,n-s---ma-
,2,15,flumen,flumen,1,n-s---na-
,2,15,a,ab,1,r--------
,2,15,castris,castrum,1,n-p---nb-
,2,15,suis,suus,,p-p---nb-
,2,15,non,non,1,d--------
,2,15,amplius,amplus,,d-------c
,2,15,milibus,mille,,m-p---nb-
,2,15,passuum,passus,3,n-p---mg-
,2,15,X,decem,,m-_---__-
,2,15,abesse,absum,1,v--pna---
,2,15,trans,trans,1,r--------
,2,15,id,is,1,p-s---na-
,2,15,flumen,flumen,1,n-s---na-
,2,15,omnes,omnis,1,a-p---ma-
,2,15,Nervios,Nervii,1,n-p---ma-
,2,15,consedisse,consido,1,v--rna---
,2,15,adventum,adventus,1,n-s---ma-
,2,15,-que,-que,1,c--------
,2,15,ibi,ibi,1,d--------
,2,15,Romanorum,Romanus,,a-p---mg_
,2,15,expectare,expecto,1,v--pna---
,2,15,una,unus,1,d--------
,2,15,cum,cum,1,r--------
,2,15,Atrebatibus,Atrebates,1,n-p---mb-
,2,15,et,et,1,c--------
,2,15,Viromanduis,Viromandui,1,n-p---mb-
,2,15,finitimis,finitimus,1,a-p---mb-
,2,15,suis,suus,,p-p---mb-
,2,15,nam,nam,1,c--------
,2,15,his,hic,1,p-p---md-
,2,15,utrisque,uterque,,p-p---md-
,2,15,persuaserant,persuadeo,1,v3plia---
,2,15,uti,ut,,c--------
,2,15,eandem,idem,1,p-s---fa-
,2,15,belli,bellum,1,n-s---ng-
,2,15,fortunam,fortuna,1,n-s---fa-
,2,15,experirentur,experior,,v3pisd---
,2,15,expectari,expecto,1,v--pnp---
,2,15,etiam,etiam,1,d--------
,2,15,ab,ab,1,r--------
,2,15,iis,is,,p-p---mb-
,2,15,Atuatucorum,Atuatuci,1,n-p---mg-
,2,15,copias,copia,1,n-p---fa-
,2,15,atque,atque,1,c--------
,2,15,esse,sum,1,v--pna---
,2,15,in,in,1,r--------
,2,15,itinere,iter,1,n-s---nb-
,2,15,mulieres,mulier,1,n-p---fa-
,2,15,qui,qui,1,p-p---mn-
,2,15,-que,-que,1,c--------
,2,15,per,per,1,r--------
,2,15,aetatem,aetas,1,n-s---fa-
,2,15,ad,ad,1,r--------
,2,15,pugnam,pugna,1,n-s---fa-
,2,15,inutiles,inutilis,1,a-p---mn-
,2,15,viderentur,video,1,v3pisp---
,2,15,in,in,1,r--------
,2,15,eum,is,1,p-s---ma-
,2,15,locum,locus,1,n-s---ma-
,2,15,coniecisse,conicio,1,v--rna---
,2,15,quo,quo,1,d--------
,2,15,propter,propter,1,r--------
,2,15,paludes,palus,2,n-p---fa-
,2,15,exercitui,exercitus,2,n-s---md-
,2,15,aditus,aditus,2,n-s---mn-
,2,15,non,non,1,d--------
,2,15,esset,sum,1,v3sisa---
,2,17,Loci,locus,1,n-s---mg-
,2,17,natura,natura,1,n-s---fn-
,2,17,erat,sum,1,v3siia---
,2,17,haec,hic,1,p-s---fn-
,2,17,quem,qui,1,p-s---ma-
,2,17,locum,locus,1,n-s---ma-
,2,17,nostri,noster,,p-p---mn-
,2,17,castris,castrum,,n-p---nd-
,2,17,delegerant,deligo,1,v3plia---
,2,17,Collis,collis,1,n-s---mn-
,2,17,ab,ab,1,r--------
,2,17,summo,superus,,a-s---nbs
,2,17,aequaliter,aequalis,1,d--------
,2,17,declivis,declivis,1,a-s---mn-
,2,17,ad,ad,1,r--------
,2,17,flumen,flumen,1,n-s---na-
,2,17,Sabim,Sabis,1,n-s---ma-
,2,17,quod,qui,1,p-s---na-
,2,17,supra,supra,1,d--------
,2,17,nominavimus,nomino,1,v1pria---
,2,17,vergebat,vergo,1,v3siia---
,2,17,Ab,ab,1,r--------
,2,17,eo,is,1,p-s---nb-
,2,17,flumine,flumen,1,n-s---nb-
,2,17,pari,par,1,a-s---fb-
,2,17,acclivitate,acclivitas,1,n-s---fb-
,2,17,collis,collis,1,n-s---mn-
,2,17,nascebatur,nascor,,v3siid---
,2,17,adversus,adverto,,v-srppmn-
,2,17,huic,hic,1,p-s---md-
,2,17,et,et,1,c--------
,2,17,contrarius,contrarius,1,a-s---mn-
,2,17,passus,passus,3,n-p---ma-
,2,17,circiter,circiter,1,d--------
,2,17,CC,centum,,m-_---__-
,2,17,infimus,inferus,1,d--------
,2,17,apertus,aperio,,v-srppmn-
,2,17,ab,ab,1,r--------
,2,17,superiore,superus,1,a-s---fbc
,2,17,parte,pars,1,n-s---fb-
,2,17,silvestris,silvestris,1,a-s---mn-
,2,17,ut,ut,1,c--------
,2,17,non,non,1,d--------
,2,17,facile,facilis,1,d--------
,2,17,introrsus,introrsum,1,d--------
,2,17,perspici,perspicio,1,v--pnp---
,2,17,posset,possum,1,v3sisa---
,2,17,Intra,intra,1,r--------
,2,17,eas,is,1,p-p---fa-
,2,17,silvas,silva,1,n-p---fa-
,2,17,hostes,hostis,1,n-p---mn-
,2,17,in,in,1,r--------
,2,17,occulto,occulo,,v-srppnb-
,2,17,sese,sui,1,p-p---ma-
,2,17,continebant,contineo,1,v3piia---
,2,17,in,in,1,r--------
,2,17,aperto,aperio,,v-srppmb-
,2,17,loco,locus,1,n-s---mb-
,2,17,secundum,secundum,1,r--------
,2,17,flumen,flumen,1,n-s---na-
,2,17,paucae,paucus,1,a-p---fn-
,2,17,stationes,statio,1,n-p---fn-
,2,17,equitum,eques,1,n-p---mg-
,2,17,videbantur,video,1,v3piip---
,2,17,Fluminis,flumen,1,n-s---ng-
,2,17,erat,sum,1,v3siia---
,2,17,altitudo,altitudo,1,n-s---fn-
,2,17,pedum,pes,1,n-p---mg-
,2,17,circiter,circiter,1,d--------
,2,17,trium,tres,,m-p---mg-
,2,18,Caesar,Caesar,1,n-s---mn-
,2,18,equitatu,equitatus,1,n-s---mb-
,2,18,praemisso,praemitto,1,v-srppmb-
,2,18,subsequebatur,subsequor,,v3siid---
,2,18,omnibus,omnes,1,a-p---fb-
,2,18,copiis,copia,1,n-p---fb-
,2,18,sed,sed,1,c--------
,2,18,ratio,ratio,1,n-s---fn-
,2,18,ordo,ordo,1,n-s---mn-
,2,18,-que,-que,1,c--------
,2,18,agminis,agmen,1,n-s---ng-
,2,18,aliter,alius,2,d-------_
,2,18,se,sui,,p-s---ma-
,2,18,habebat,habeo,1,v3siia---
,2,18,ac,atque,1,c--------
,2,18,Belgae,Belgae,1,n-p---mn-
,2,18,ad,ad,1,r--------
,2,18,Nervios,Nervii,1,n-p---ma-
,2,18,detulerant,defero,1,v3plia---
,2,18,Nam,nam,1,c--------
,2,18,quod,quod,1,c--------
,2,18,hostibus,hostis,1,n-p---md-
,2,18,adpropinquabat,appropinquo,1,v3siia---
,2,18,consuetudine,consuetudo,1,n-s---fb-
,2,18,sua,suus,,p-s---fb-
,2,18,Caesar,Caesar,1,n-s---mn-
,2,18,VI,sex,,m-_---__-
,2,18,legiones,legio,1,n-p---fa-
,2,18,expeditas,expedio,1,v-prppfa-
,2,18,ducebat,duco,1,v3siia---
,2,18,post,post,1,r--------
,2,18,eas,is,1,p-p---fa-
,2,18,totius,totus,1,a-s---mg-
,2,18,exercitus,exercitus,2,n-s---mg-
,2,18,impedimenta,impedimentum,1,n-p---na-
,2,18,conlocarat,conloco,1,v3slia---
,2,18,inde,inde,1,d--------
,2,18,duae,duo,,m-p---fn-
,2,18,legiones,legio,1,n-p---fn-
,2,18,quae,qui,1,p-p---fn-
,2,18,proxime,propior,,d-------s
,2,18,conscriptae,conscribo,1,v-prppfn-
,2,18,erant,sum,1,v3piia---
,2,18,totum,totus,1,a-s---na-
,2,18,agmen,agmen,1,n-s---na-
,2,18,claudebant,claudo,1,v3piia---
,2,18,praesidio,praesidium,1,n-s---nd-
,2,18,-que,-que,1,c--------
,2,18,impedimentis,impedimentum,1,n-p---nd-
,2,18,erant,sum,1,v3piia---
,2,18,Equites,eques,1,n-p---mn-
,2,18,nostri,noster,,p-p---mn-
,2,18,cum,cum,1,r--------
,2,18,funditoribus,funditor,1,n-p---mb-
,2,18,sagittariis,sagittarius,,a-p---mb-
,2,18,-que,-que,1,c--------
,2,18,flumen,flumen,1,n-s---na-
,2,18,transgressi,transgredior,,v-prpdmn_
,2,18,cum,cum,1,r--------
,2,18,hostium,hostis,1,n-p---mg-
,2,18,equitatu,equitatus,1,n-s---mb-
,2,18,proelium,proelium,1,n-s---na-
,2,18,commiserunt,committo,1,v3pria---
,2,18,Cum,cum,1,c--------
,2,18,se,sui,,p-p---ma-
,2,18,illi,ille,1,p-p---mn-
,2,18,identidem,identidem,1,d--------
,2,18,in,in,1,r--------
,2,18,silvis,silva,1,n-p---fb-
,2,18,ad,ad,1,r--------
,2,18,suos,suus,,p-p---ma-
,2,18,reciperent,recipio,1,v3pisa---
,2,18,ac,atque,1,c--------
,2,18,rursus,rursus,1,d--------
,2,18,ex,ex,1,r--------
,2,18,silva,silva,1,n-s---fb-
,2,18,in,in,1,r--------
,2,18,nostros,noster,,p-p---ma-
,2,18,impetum,impetus,1,n-s---ma-
,2,18,facerent,facio,1,v3pisa---
,2,18,neque,neque,,c--------
,2,18,nostri,noster,,p-p---mn-
,2,18,longius,longus,,d-------c
,2,18,quam,quam,1,d--------
,2,18,quem,qui,1,p-s---ma-
,2,18,ad,ad,1,r--------
,2,18,finem,finis,1,n-s---ma-
,2,18,porrecta,porrigo,1,v-prppnn-
,2,18,loca,locum,1,n-p---nn-
,2,18,aperta,aperio,1,v-prppnn-
,2,18,pertinebant,pertineo,1,v3piia---
,2,18,cedentes,cedo,1,v-ppp-ma-
,2,18,insequi,insequor,,v--pnd---
,2,18,auderent,audeo,1,v3pisa---
,2,18,interim,interim,1,d--------
,2,18,legiones,legio,1,n-p---fn-
,2,18,VI,sex,,m-_---__-
,2,18,quae,qui,1,p-p---fn-
,2,18,primae,primus,,m-p---fn-
,2,18,venerant,venio,1,v3plia---
,2,18,opere,opus,1,n-s---nb-
,2,18,dimenso,dimetior,,v-srpdnb_
,2,18,castra,castrum,1,n-p---na-
,2,18,munire,munio,1,v--pna---
,2,18,coeperunt,coepio,1,v3pria---
,2,18,Ubi,ubi,1,d--------
,2,18,prima,primus,,m-p---nn-
,2,18,impedimenta,impedimentum,1,n-p---nn-
,2,18,nostri,noster,,p-s---mg-
,2,18,exercitus,exercitus,2,n-s---mg-
,2,18,ab,ab,1,r--------
,2,18,iis,is,1,p-p---mb-
,2,18,qui,qui,1,p-p---mn-
,2,18,in,in,1,r--------
,2,18,silvis,silva,1,n-p---fb-
,2,18,abditi,abdo,,v-prppmn-
,2,18,latebant,lateo,1,v3piia---
,2,18,visa,video,1,v-prp-nn-
,2,18,sunt,sum,1,v3ppia---
,2,18,quod,quod,1,c--------
,2,18,tempus,tempus,1,n-s---nn-
,2,18,inter,inter,1,r--------
,2,18,eos,is,1,p-p---ma-
,2,18,committendi,committo,,v-s-g-ng-
,2,18,proelii,proelium,1,n-s---ng-
,2,18,convenerat,convenio,1,v3slia---
,2,18,ut,ut,1,c--------
,2,18,intra,intra,1,r--------
,2,18,silvas,silva,1,n-p---fa-
,2,18,aciem,acies,1,n-s---fa-
,2,18,ordines,ordo,1,n-p---ma-
,2,18,-que,-que,1,c--------
,2,18,constituerant,constituo,1,v3plia---
,2,18,atque,atque,1,c--------
,2,18,ipsi,ipse,1,p-p---mn-
,2,18,sese,sui,1,p-p---ma-
,2,18,confirmaverant,confirmo,1,v3plia---
,2,18,subito,subeo,,d-------_
,2,18,omnibus,omnis,1,a-p---fb-
,2,18,copiis,copia,1,n-p---fb-
,2,18,provolaverunt,provolo,1,v3pria---
,2,18,impetum,impetus,1,n-s---ma-
,2,18,-que,-que,1,c--------
,2,18,in,in,1,r--------
,2,18,nostros,noster,,p-p---ma-
,2,18,equites,eques,1,n-p---ma-
,2,18,fecerunt,facio,1,v3pria---
,2,18,His,hic,,p-p---fb-
,2,18,facile,facilis,,d-------_
,2,18,pulsis,pello,1,v-prppfb-
,2,18,ac,atque,1,c--------
,2,18,proturbatis,proturbo,1,v-prppfb-
,2,18,incredibili,incredibilis,1,a-s---fb-
,2,18,celeritate,celeritas,1,n-s---fb-
,2,18,ad,ad,1,r--------
,2,18,flumen,flumen,1,n-s---na-
,2,18,decucurrerunt,decurro,1,v3pria---
,2,18,ut,ut,1,c--------
,2,18,paene,paene,1,d--------
,2,18,uno,unus,,m-s---nb-
,2,18,tempore,tempus,1,n-s---nb-
,2,18,et,et,1,c--------
,2,18,ad,ad,1,r--------
,2,18,silvas,silva,1,n-p---fa-
,2,18,et,et,1,c--------
,2,18,in,in,1,r--------
,2,18,flumine,flumen,1,n-s---nb-
,2,18,et,et,1,c--------
,2,18,iam,jam,1,d--------
,2,18,in,in,1,r--------
,2,18,manibus,manus,1,n-p---fb-
,2,18,nostris,noster,,p-p---fb-
,2,18,hostes,hostis,1,n-p---mn-
,2,18,viderentur,video,1,v3pisp---
,2,18,Eadem,idem,1,p-s---fb-
,2,18,autem,autem,1,c--------
,2,18,celeritate,celeritas,1,n-s---fb-
,2,18,adverso,adverto,,v-srppmb-
,2,18,colle,collis,1,n-s---mb-
,2,18,ad,ad,1,r--------
,2,18,nostra,noster,,p-p---na-
,2,18,castra,castrum,1,n-p---na-
,2,18,atque,atque,1,c--------
,2,18,eos,is,1,p-p---ma-
,2,18,qui,qui,1,p-p---mn-
,2,18,in,in,1,r--------
,2,18,opere,opus,1,n-s---nb-
,2,18,occupati,occupo,1,v-prppmn-
,2,18,erant,sum,1,v3piia---
,2,18,contenderunt,contendo,1,v3pria---
,2,32,Sub,sub,1,r--------
,2,32,vesperum,vesper,,n-s---ma-
,2,32,Caesar,Caesar,1,n-s---mn-
,2,32,portas,porta,1,n-p---fa-
,2,32,claudi,claudo,1,v--pnp---
,2,32,milites,miles,1,n-p---ma-
,2,32,-que,-que,1,c--------
,2,32,ex,ex,1,r--------
,2,32,oppido,oppidum,1,n-s---nb-
,2,32,exire,exeo,1,v--pna---
,2,32,iussit,jubeo,1,v3sria---
,2,32,ne,ne,1,c--------
,2,32,quam,quis,2,p-s---fa-
,2,32,noctu,nox,,n-s---fb-
,2,32,oppidani,oppidanus,,a-p---mn-
,2,32,a,ab,1,r--------
,2,32,militibus,miles,1,n-p---mb-
,2,32,iniuriam,injuria,1,n-s---fa-
,2,32,acciperent,accipio,1,v3pisa---
,2,32,Illi,ille,1,p-p---mn-
,2,32,ante,ante,1,d--------
,2,32,inito,ineo,1,v-srpanb-
,2,32,ut,ut,1,c--------
,2,32,intellectum,intellego,1,v-srppnn-
,2,32,est,sum,1,v3spia---
,2,32,consilio,consilium,1,n-s---nb-
,2,32,quod,quod,1,c--------
,2,32,deditione,deditio,1,n-s---fb-
,2,32,facta,facio,1,v-srppfb-
,2,32,nostros,noster,,p-p---ma-
,2,32,praesidia,praesidium,1,n-p---na-
,2,32,deducturos,deduco,1,v-pfpama-
,2,32,aut,aut,1,c--------
,2,32,denique,denique,1,d--------
,2,32,indiligentius,indiligens,,d-------c
,2,32,servaturos,servo,1,v-pfpama-
,2,32,crediderant,credo,1,v3plia---
,2,32,partim,pars,1,d--------
,2,32,cum,cum,1,r--------
,2,32,iis,is,1,p-p---nb-
,2,32,quae,qui,1,p-p---nn-
,2,32,retinuerant,retineo,1,v3plia---
,2,32,et,et,1,c--------
,2,32,celaverant,celo,1,v3plia---
,2,32,armis,arma,1,n-p---nb-
,2,32,partim,pars,1,d--------
,2,32,scutis,scutum,1,n-p---nb-
,2,32,ex,ex,1,r--------
,2,32,cortice,cortex,1,n-s---fb-
,2,32,factis,facio,1,v-prppnb-
,2,32,aut,aut,1,c--------
,2,32,viminibus,vimen,1,n-p---nb-
,2,32,intextis,intexo,1,v-prppnb-
,2,32,quae,qui,1,p-p---nn-
,2,32,subito,subeo,,d-------_
,2,32,ut,ut,1,c--------
,2,32,temporis,tempus,1,n-s---ng-
,2,32,exiguitas,exiguitas,1,n-s---fn-
,2,32,postulabat,postulo,1,v3siia---
,2,32,pellibus,pellis,1,n-p---fb-
,2,32,induxerant,induco,1,v3plia---
,2,32,tertia,tertius,,m-s---fb-
,2,32,vigilia,vigilia,1,n-s---fb-
,2,32,qua,qui,1,p-s---fb-
,2,32,minime,parvus,1,d--------
,2,32,arduus,arduus,1,a-s---mn-
,2,32,ad,ad,1,r--------
,2,32,nostras,noster,,p-p---fa-
,2,32,munitiones,munitio,1,n-p---fa-
,2,32,ascensus,ascensus,2,n-s---mn-
,2,32,videbatur,video,1,v3siip---
,2,32,omnibus,omnis,1,a-p---fb-
,2,32,copiis,copia,1,n-p---fb-
,2,32,repente,repens,2,d--------
,2,32,ex,ex,1,r--------
,2,32,oppido,oppidum,1,n-s---nb-
,2,32,eruptionem,eruptio,1,n-s---fa-
,2,32,fecerunt,facio,1,v3pria---
,2,32,Celeriter,celeriter,1,d--------
,2,32,ut,ut,1,c--------
,2,32,ante,ante,1,d--------
,2,32,Caesar,Caesar,1,n-s---mn-
,2,32,imperaverat,impero,1,v3slia---
,2,32,ignibus,ignis,1,n-p---mb-
,2,32,significatione,significatio,1,n-s---fb-
,2,32,facta,facio,1,v-srppfb-
,2,32,ex,ex,1,r--------
,2,32,proximis,propior,,a-p---nbs
,2,32,castellis,castellum,1,n-p---nb-
,2,32,eo,eo,2,d--------
,2,32,concursum,concurro,1,v-srppnn-
,2,32,est,sum,1,v3spia---
,2,32,pugnatum,pugno,1,v-srppnn-
,2,32,-que,-que,1,c--------
,2,32,ab,ab,1,r--------
,2,32,hostibus,hostis,1,n-p---mb-
,2,32,ita,ita,1,d--------
,2,32,acriter,acer,2,d-------_
,2,32,est,sum,1,v3spia---
,2,32,ut,ut,1,c--------
,2,32,a,ab,1,r--------
,2,32,viris,vir,1,n-p---mb-
,2,32,fortibus,fortis,1,a-p---mb-
,2,32,in,in,1,r--------
,2,32,extrema,exter,,a-s---fbs
,2,32,spe,spes,1,n-s---fb-
,2,32,salutis,salus,1,n-s---fg-
,2,32,iniquo,iniquus,1,a-s---mb-
,2,32,loco,locus,1,n-s---mb-
,2,32,contra,contra,1,r--------
,2,32,eos,is,1,p-p---ma-
,2,32,qui,qui,1,p-p---mn-
,2,32,ex,ex,1,r--------
,2,32,vallo,vallum,1,n-s---nb-
,2,32,turribus,turris,1,n-p---fb-
,2,32,-que,-que,1,c--------
,2,32,tela,telum,1,n-p---na-
,2,32,iacerent,jacio,1,v3pisa---
,2,32,pugnari,pugno,1,v--pnp---
,2,32,debuit,debeo,1,v3sria---
,2,32,cum,cum,1,c--------
,2,32,in,in,1,r--------
,2,32,una,unus,,m-s---fb-
,2,32,virtute,virtus,1,n-s---fb-
,2,32,omnis,omnis,1,a-s---fn-
,2,32,spes,spes,1,n-s---fn-
,2,32,consisteret,consisto,1,v3sisa---
,2,32,Occisis,occido,1,v-prppnb-
,2,32,ad,ad,1,d--------
,2,32,hominum,homo,1,n-p---mg-
,2,32,milibus,mille,,m-p---nb-
,2,32,IIII,quattuor,,m-_---__-
,2,32,reliqui,reliquus,1,a-p---mn-
,2,32,in,in,1,r--------
,2,32,oppidum,oppidum,1,n-s---na-
,2,32,reiecti,reicio,1,v-prppmn-
,2,32,sunt,sum,1,v3ppia---
,2,32,Postridie,postridie,1,d--------
,2,32,eius,is,,p-s---mg-
,2,32,diei,dies,,n-s---mg-
,2,32,refractis,refringo,1,v-prppfb-
,2,32,portis,porta,1,n-p---fb-
,2,32,cum,cum,1,c--------
,2,32,iam,jam,1,d--------
,2,32,defenderet,defendo,1,v3sisa---
,2,32,nemo,nemo,1,n-s---mn-
,2,32,atque,atque,1,c--------
,2,32,intromissis,intromitto,1,v-prppmb-
,2,32,militibus,miles,1,n-p---mb-
,2,32,nostris,noster,,p-p---mb-
,2,32,sectionem,sectio,1,n-s---fa-
,2,32,eius,is,1,p-s---ng-
,2,32,oppidi,oppidum,1,n-s---ng-
,2,32,universam,universus,,a-s---fa-
,2,32,Caesar,Caesar,1,n-s---mn-
,2,32,vendidit,vendo,1,v3sria---
,2,32,Ab,ab,1,r--------
,2,32,iis,is,1,p-p---mb-
,2,32,qui,qui,1,p-p---mn-
,2,32,emerant,emo,1,v3plia---
,2,32,capitum,caput,1,n-p---ng-
,2,32,numerus,numerus,1,n-s---mn-
,2,32,ad,ad,1,r--------
,2,32,eum,is,1,p-s---ma-
,2,32,relatus,refero,1,v-srppmn-
,2,32,est,sum,1,v3spia---
,2,32,milium,mille,,m-p---ng-
,2,32,LIII.,LIII,,m-_---__-
,2,33,Eodem,idem,1,p-s---nb-
,2,33,tempore,tempus,1,n-s---nb-
,2,33,a,ab,1,r--------
,2,33,P,Publius,,n-s---mb-
,2,33,Crasso,Crassus,2,n-s---mb-
,2,33,quem,qui,1,p-s---ma-
,2,33,cum,cum,1,r--------
,2,33,legione,legio,1,n-s---fb-
,2,33,una,unus,,m-s---fb-
,2,33,miserat,mitto,1,v3slia---
,2,33,ad,ad,1,r--------
,2,33,Venetos,Veneti,1,n-p---ma-
,2,33,Venellos,Venelli,1,n-p---ma-
,2,33,Osismos,Osismi,1,n-p---ma-
,2,33,Coriosolitas,Coriosolitae,1,n-p---ma-
,2,33,Esuvios,Esuvii,1,n-p---ma-
,2,33,Aulercos,Aulerci,1,n-p---ma-
,2,33,Redones,Redones,1,n-p---ma-
,2,33,quae,qui,1,p-p---fn-
,2,33,sunt,sum,1,v3ppia---
,2,33,maritimae,maritimus,1,a-p---fn-
,2,33,civitates,civitas,1,n-p---fn-
,2,33,Oceanum,Oceanus,1,n-s---ma-
,2,33,-que,-que,1,c--------
,2,33,attingunt,attingo,1,v3ppia---
,2,33,certior,certus,1,a-s---mnc
,2,33,factus,facio,1,v-srppmn-
,2,33,est,sum,1,v3spia---
,2,33,omnes,omnis,1,a-p---fa-
,2,33,eas,is,1,p-p---fa-
,2,33,civitates,civitas,1,n-p---fa-
,2,33,in,in,1,r--------
,2,33,dicionem,dicio,1,n-s---fa-
,2,33,potestatem,potestas,1,n-s---fa-
,2,33,-que,-que,1,c--------
,2,33,populi,populus,1,n-s---mg-
,2,33,Romani,Romanus,1,a-s---mg-
,2,33,esse,sum,1,v--pna---
,2,33,redactas,redigo,1,v-prppfa-
