,0,0,Initium,initium,,n-s---nn-
,0,0,mihi,ego,,p-s---md-
,0,0,operis,opus,1,n-s---ng-
,0,0,Servius,Servius,,n-s---mn-
,0,0,Galba,Galba,,n-s---mn-
,0,0,iterum,iterum,,d--------
,0,0,Titus,Titus,,n-s---mn-
,0,0,Vinius,Vinius,,n-s---mn-
,0,0,consules,consul,,n-p---mn-
,0,0,erunt,sum,1,v3pfia---
,0,0,nam,nam,,c--------
,0,0,post,post,,r--------
,0,0,conditam,condo,,v-srppfa-
,0,0,urbem,urbs,,n-s---fa-
,0,0,octingentos,octingenti,,m-p---ma-
,0,0,et,et,,c--------
,0,0,viginti,viginti,,m--------
,0,0,prioris,prior,,a-s---ngc
,0,0,aevi,aevum,,n-s---ng-
,0,0,annos,annus,,n-p---ma-
,0,0,multi,multus,,a-p---mn-
,0,0,auctores,auctor,,n-p---mn-
,0,0,rettulerunt,refero,,v3pria---
,0,0,dum,dum,,c--------
,0,0,res,res,,n-p---fn-
,0,0,populi,populus,1,n-s---mg-
,0,0,Romani,Romanus,,a-s---mg_
,0,0,memorabantur,memoro,,v3piip---
,0,0,pari,par,,a-s---fb_
,0,0,eloquentia,eloquentia,,n-s---fb-
,0,0,ac,atque,,c--------
,0,0,libertate,libertas,,n-s---fb-
,0,0,postquam,postquam,,c--------
,0,0,bellatum,bello,,v-srppnn-
,0,0,apud,apud,,r--------
,0,0,Actium,Actium,,n-s---na-
,0,0,atque,atque,,c--------
,0,0,omnem,omnis,,a-s---fa-
,0,0,potentiam,potentia,1,n-s---fa-
,0,0,ad,ad,,r--------
,0,0,unum,unus,,m-s---ma-
,0,0,conferri,confero,,v--pnp---
,0,0,pacis,pax,,n-s---fg-
,0,0,interfuit,intersum,,v3sria---
,0,0,magna,magnus,1,a-p---nn-
,0,0,illa,ille,,p-p---nn-
,0,0,ingenia,ingenium,,n-p---nn-
,0,0,cessere,cedo,1,v3pria---
,0,0,simul,simul,,d--------
,0,0,veritas,veritas,,n-s---fn-
,0,0,pluribus,multus,,a-p---mbc
,0,0,modis,modus,,n-p---mb-
,0,0,infracta,infringo,,v-srppfn-
,0,0,primum,primus,,d-------_
,0,0,inscitia,inscitia,,n-s---fb-
,0,0,rei,res,,n-s---fg-
,0,0,publicae,publicus,,a-s---fg-
,0,0,ut,ut,,c--------
,0,0,alienae,alienus,,a-s---fg-
,0,0,mox,mox,,d--------
,0,0,libidine,libido,,n-s---fb-
,0,0,adsentandi,assentor,,v___d_---
,0,0,aut,aut,,c--------
,0,0,rursus,rursus,,d--------
,0,0,odio,odium,1,n-s---nb-
,0,0,adversus,adversus,2,r--------
,0,0,dominantis,dominor,,v-ppp-ma-
,0,0,ita,ita,,d--------
,0,0,neutris,neuter,,a-p---md-
,0,0,cura,cura,,n-s---fn-
,0,0,posteritatis,posteritas,,n-s---fg-
,0,0,inter,inter,,r--------
,0,0,infensos,infensus,,a-p---ma-
,0,0,vel,vel,,c--------
,0,0,obnoxios,obnoxius,,a-p---ma-
,0,0,sed,sed,1,c--------
,0,0,ambitionem,ambitio,,n-s---fa-
,0,0,scriptoris,scriptor,,n-s---mg-
,0,0,facile,facilis,,d-------_
,0,0,averseris,aversor,1,v2spsd---
,0,0,obtrectatio,obtrectatio,,n-s---fn-
,0,0,et,et,,c--------
,0,0,livor,livor,,n-s---mn-
,0,0,pronis,pronus,,a-p---fb-
,0,0,auribus,auris,,n-p---fb-
,0,0,accipiuntur,accipio,,v3ppip---
,0,0,quippe,quippe,,d--------
,0,0,adulationi,adulatio,,n-s---fd-
,0,0,foedum,foedus,1,a-s---nn-
,0,0,crimen,crimen,,n-s---nn-
,0,0,servitutis,servitus,,n-s---fg-
,0,0,malignitati,malignitas,,n-s---fd-
,0,0,falsa,fallo,,v-srppfn-
,0,0,species,species,,n-s---fn-
,0,0,libertatis,libertas,,n-s---fg-
,0,0,inest,insum,,v3spia---
,0,0,mihi,ego,,p-s---md-
,0,0,Galba,Galba,,n-s---mn-
,0,0,Otho,Otho,,n-s---mn-
,0,0,Vitellius,Vitellius,,n-s---mn-
,0,0,nec,neque,,c--------
,0,0,beneficio,beneficium,,n-s---nb-
,0,0,nec,neque,,c--------
,0,0,iniuria,injuria,,n-s---fb-
,0,0,cogniti,cognosco,,v-prppmn-
,0,0,dignitatem,dignitas,,n-s---fa-
,0,0,nostram,noster,,p-s---fa-
,0,0,a,ab,,r--------
,0,0,Vespasiano,Vespasianus,,n-s---mb-
,0,0,incohatam,incoho,,v-srppfa-
,0,0,a,ab,,r--------
,0,0,Tito,Titus,,n-s---mb-
,0,0,auctam,augeo,,v-srppfa-
,0,0,a,ab,,r--------
,0,0,Domitiano,Domitianus,,n-s---mb-
,0,0,longius,longus,,d-------c
,0,0,provectam,proveho,,v-srppfa-
,0,0,non,non,,d--------
,0,0,abnuerim,abnuo,,v1srsa---
,0,0,sed,sed,1,c--------
,0,0,incorruptam,incorruptus,,a-s---fa-
,0,0,fidem,fides,1,n-s---fa-
,0,0,professis,profiteor,,v-prpdmd_
,0,0,neque,neque,,c--------
,0,0,amore,amor,,n-s---mb-
,0,0,quisquam,quisquam,,p-s---mn-
,0,0,et,et,,c--------
,0,0,sine,sine,,r--------
,0,0,odio,odium,1,n-s---nb-
,0,0,dicendus,dico,2,v-s-g-mn-
,0,0,est,sum,1,v3spia---
,0,0,quod,quod,1,c--------
,0,0,si,si,,c--------
,0,0,vita,vita,,n-s---fn-
,0,0,suppeditet,suppedito,,v3spsa---
,0,0,principatum,principatus,,n-s---ma-
,0,0,divi,divus,,a-s---mg-
,0,0,Nervae,Nerva,,n-s---mg-
,0,0,et,et,,c--------
,0,0,imperium,imperium,,n-s---na-
,0,0,Traiani,Trajanus,,n-s---mg-
,0,0,uberiorem,uber,2,a-s---fac
,0,0,securiorem,securus,,a-s---fac
,0,0,-que,-que,,c--------
,0,0,materiam,materia,,n-s---fa-
,0,0,senectuti,senectus,2,n-s---fd-
,0,0,seposui,sepono,,v1sria---
,0,0,rara,rarus,,a-s---fb-
,0,0,temporum,tempus,,n-p---ng-
,0,0,felicitate,felicitas,1,n-s---fb-
,0,0,ubi,ubi,,d--------
,0,0,sentire,sentio,,v--pna---
,0,0,quae,qui,1,p-p---na-
,0,0,velis,volo,1,v2spsa---
,0,0,et,et,,c--------
,0,0,quae,qui,1,p-p---na-
,0,0,sentias,sentio,,v2spsa---
,0,0,dicere,dico,2,v--pna---
,0,0,licet,licet,,v3spia---
,0,0,Opus,opus,1,n-s---na-
,0,0,adgredior,aggredior,,v1spid---
,0,0,opimum,opimus,,a-s---na-
,0,0,casibus,casus,1,n-p---mb-
,0,0,atrox,atrox,,a-s---na-
,0,0,proeliis,proelium,,n-p---nb-
,0,0,discors,discors,,a-s---na_
,0,0,seditionibus,seditio,,n-p---fb-
,0,0,ipsa,ipse,,p-s---fb-
,0,0,etiam,etiam,,c--------
,0,0,pace,pax,,n-s---fb-
,0,0,saevum,saevus,,a-s---na-
,0,0,quattuor,quattuor,,m--------
,0,0,principes,princeps,,a-p---mn_
,0,0,ferro,ferrum,,n-s---nb-
,0,0,interempti,interimo,,v-prppmn-
,0,0,trina,trini,,m-p---nn-
,0,0,bella,bellum,,n-p---nn-
,0,0,civilia,civilis,1,a-p---nn-
,0,0,plura,multus,,a-p---nnc
,0,0,externa,externus,,a-p---nn-
,0,0,ac,atque,,c--------
,0,0,plerumque,plerusque,,d-------_
,0,0,permixta,permisceo,,v-prppnn_
,0,0,prosperae,prosper,,a-p---fn-
,0,0,in,in,,r--------
,0,0,Oriente,orior,,v-spp-mb-
,0,0,adversae,adverto,,v-prppfn-
,0,0,in,in,,r--------
,0,0,Occidente,occido,2,v-spp-mb-
,0,0,res,res,,n-p---fn-
,0,0,turbatum,turbo,1,v-srppnn-
,0,0,Illyricum,Illyricum,,n-s---nn-
,0,0,Galliae,Gallia,,n-p---fn-
,0,0,nutantes,nuto,,v-ppp-fn-
,0,0,perdomita,perdomo,,v-srppfn-
,0,0,Britannia,Britannia,,n-s---fn-
,0,0,et,et,,c--------
,0,0,statim,statim,,d--------
,0,0,omissa,omitto,,v-srppfn-
,0,0,coortae,coorior,,v-prpdfn_
,0,0,in,in,,r--------
,0,0,nos,nos,,p-p---ma-
,0,0,Sarmatarum,Sarmata,,n-p---mg-
,0,0,ac,atque,,c--------
,0,0,Sueborum,Suevi,,n-p---mg-
,0,0,gentes,gens,,n-p---fn-
,0,0,nobilitatus,nobilito,,v-srppmn-
,0,0,cladibus,clades,,n-p---fb-
,0,0,mutuis,mutuus,,a-p---fb-
,0,0,Dacus,Daci,,n-s---mn-
,0,0,mota,moveo,,v-prppnn-
,0,0,prope,prope,,d--------
,0,0,etiam,etiam,,c--------
,0,0,Parthorum,Parthi,,n-p---mg-
,0,0,arma,arma,,n-p---nn-
,0,0,falsi,fallo,,v-srppmg-
,0,0,Neronis,Nero,,n-s---mg-
,0,0,ludibrio,ludibrium,,n-s---nb-
,0,0,iam,jam,,d--------
,0,0,vero,verus,,d-------_
,0,0,Italia,Italia,,n-s---fn-
,0,0,novis,novus,,a-p---fb-
,0,0,cladibus,clades,,n-p---fb-
,0,0,vel,vel,,c--------
,0,0,post,post,,r--------
,0,0,longam,longus,,a-s---fa-
,0,0,saeculorum,saeculum,,n-p---ng-
,0,0,seriem,series,,n-s---fa-
,0,0,repetitis,repeto,,v-prppfb-
,0,0,adflicta,affligo,,v-srppfn-
,0,0,haustae,haurio,,v-prppfn-
,0,0,aut,aut,,c--------
,0,0,obrutae,obruo,,v-prppfn-
,0,0,urbes,urbs,,n-p---fn-
,0,0,fecundissima,fecundus,,a-s---fns
,0,0,Campaniae,Campania,,n-s---fg-
,0,0,ora,ora,1,n-s---fn-
,0,0,et,et,,c--------
,0,0,urbs,urbs,,n-s---fn-
,0,0,incendiis,incendium,,n-p---nb-
,0,0,vastata,vasto,,v-srppfn-
,0,0,consumptis,consumo,,v-prppnb-
,0,0,antiquissimis,antiquus,,a-p---nbs
,0,0,delubris,delubrum,,n-p---nb-
,0,0,ipso,ipse,,p-s---nb-
,0,0,Capitolio,Capitolium,,n-s---nb-
,0,0,civium,civis,,n-p---mg-
,0,0,manibus,manus,1,n-p---fb-
,0,0,incenso,incendo,,v-srppnb-
,0,0,pollutae,polluo,,v-prppfn-
,0,0,caerimoniae,caerimonia,,n-p---fn-
,0,0,magna,magnus,1,a-p---nn-
,0,0,adulteria,adulterium,,n-p---nn-
,0,0,plenum,plenus,,a-s---nn-
,0,0,exiliis,exsilium,,n-p---nb-
,0,0,mare,mare,,n-s---nn-
,0,0,infecti,inficio,,v-prppmn-
,0,0,caedibus,caedes,,n-p---fb-
,0,0,scopuli,scopulus,,n-p---mn-
,0,0,atrocius,atrox,,d-------c
,0,0,in,in,,r--------
,0,0,urbe,urbs,,n-s---fb-
,0,0,saevitum,saevio,,v-srppnn-
,0,0,nobilitas,nobilitas,,n-s---fn-
,0,0,opes,ops,1,n-p---fn-
,0,0,omissi,omitto,,v-prppmn-
,0,0,gesti,gero,1,v-prppmn-
,0,0,-que,-que,,c--------
,0,0,honores,honor,,n-p---mn-
,0,0,pro,pro,1,r--------
,0,0,crimine,crimen,,n-s---nb-
,0,0,et,et,,c--------
,0,0,ob,ob,,r--------
,0,0,virtutes,virtus,,n-p---fa-
,0,0,certissimum,certus,,a-s---nns
,0,0,exitium,exitium,,n-s---nn-
,0,0,nec,neque,,c--------
,0,0,minus,parvus,,d-------c
,0,0,praemia,praemium,,n-p---nn-
,0,0,delatorum,delator,,n-p---mg-
,0,0,invisa,invideo,,v-prppnn-
,0,0,quam,quam,,d--------
,0,0,scelera,scelus,,n-p---nn-
,0,0,cum,cum,,c--------
,0,0,alii,alius,2,a-p---mn_
,0,0,sacerdotia,sacerdotium,,n-p---na-
,0,0,et,et,,c--------
,0,0,consulatus,consulatus,,n-p---ma-
,0,0,ut,ut,,c--------
,0,0,spolia,spolium,,n-p---na-
,0,0,adepti,adipiscor,,v-prpdmn_
,0,0,procurationes,procuratio,,n-p---fa-
,0,0,alii,alius,2,a-p---mn_
,0,0,et,et,,c--------
,0,0,interiorem,interior,,a-s---fac
,0,0,potentiam,potentia,1,n-s---fa-
,0,0,agerent,ago,,v3pisa---
,0,0,verterent,verto,,v3pisa---
,0,0,cuncta,cunctus,,a-p---na-
,0,0,odio,odium,1,n-s---nb-
,0,0,et,et,,c--------
,0,0,terrore,terror,,n-s---mb-
,0,0,corrupti,corrumpo,,v-prppmn-
,0,0,in,in,,r--------
,0,0,dominos,dominus,,n-p---ma-
,0,0,servi,servus,2,n-p---mn-
,0,0,in,in,,r--------
,0,0,patronos,patronus,,n-p---ma-
,0,0,liberti,libertus,,a-p---mn-
,0,0,et,et,,c--------
,0,0,quibus,qui,1,p-p---md-
,0,0,deerat,desum,,v3siia---
,0,0,inimicus,inimicus,,a-s---mn-
,0,0,per,per,,r--------
,0,0,amicos,amicus,2,n-p---ma-
,0,0,oppressi,opprimo,,v-prppmn-
,0,0,Non,non,,d--------
,0,0,tamen,tamen,,d--------
,0,0,adeo,adeo,2,d--------
,0,0,virtutum,virtus,,n-p---fg-
,0,0,sterile,sterilis,,a-s---nn-
,0,0,saeculum,saeculum,,n-s---nn-
,0,0,ut,ut,,c--------
,0,0,non,non,,d--------
,0,0,et,et,,c--------
,0,0,bona,bonus,,a-p---na-
,0,0,exempla,exemplum,,n-p---na-
,0,0,prodiderit,prodo,,v3srsa---
,0,0,comitatae,comitor,,v-prpdfn_
,0,0,profugos,profugus,,a-p---ma-
,0,0,liberos,liber,2,n-p---ma-
,0,0,matres,mater,,n-p---fn-
,0,0,secutae,sequor,,v-prpdfn_
,0,0,maritos,maritus,1,a-p---ma-
,0,0,in,in,,r--------
,0,0,exilia,exsilium,,n-p---na-
,0,0,coniuges,conjunx,,n-p---fn-
,0,0,propinqui,propinquus,,a-p---mn-
,0,0,audentes,audeo,,v-ppp-mn-
,0,0,constantes,consto,,v-ppp-mn-
,0,0,generi,gener,,n-p---mn-
,0,0,contumax,contumax,,a-s---fn-
,0,0,etiam,etiam,,c--------
,0,0,adversus,adversus,2,r--------
,0,0,tormenta,tormentum,,n-p---na-
,0,0,servorum,servus,2,n-p---mg-
,0,0,fides,fides,1,n-s---fn-
,0,0,supremae,superus,,a-p---fns
,0,0,clarorum,clarus,,a-p---mg-
,0,0,virorum,vir,,n-p---mg-
,0,0,necessitates,necessitas,,n-p---fn-
,0,0,fortiter,fortis,,d-------_
,0,0,toleratae,tolero,,v-prppfn-
,0,0,et,et,,c--------
,0,0,laudatis,laudo,,v-prppfd-
,0,0,antiquorum,antiquus,,a-p---mg-
,0,0,mortibus,mors,,n-p---fd-
,0,0,pares,par,,a-p---mn-
,0,0,exitus,exitus,2,n-p---mn-
,0,0,praeter,praeter,,r--------
,0,0,multiplicis,multiplex,,a-p---ma-
,0,0,rerum,res,,n-p---fg-
,0,0,humanarum,humanus,,a-p---fg-
,0,0,casus,casus,1,n-p---ma-
,0,0,caelo,caelum,2,n-s---nb-
,0,0,terra,terra,,n-s---fb-
,0,0,-que,-que,,c--------
,0,0,prodigia,prodigium,,n-p---nn-
,0,0,et,et,,c--------
,0,0,fulminum,fulmen,,n-p---ng-
,0,0,monitus,monitus,2,n-p---mn-
,0,0,et,et,,c--------
,0,0,futurorum,sum,1,v-pfpang-
,0,0,praesagia,praesagium,,n-p---nn-
,0,0,laeta,laetus,1,a-p---nn-
,0,0,tristia,tristis,,a-p---nn-
,0,0,ambigua,ambiguus,,a-p---nn-
,0,0,manifesta,manifestus,,a-p---nn-
,0,0,nec,neque,,c--------
,0,0,enim,enim,,c--------
,0,0,umquam,umquam,,d--------
,0,0,atrocioribus,atrox,,a-p---fbc
,0,0,populi,populus,1,n-s---mg-
,0,0,Romani,Romanus,,a-s---mg_
,0,0,cladibus,clades,,n-p---fb-
,0,0,magis,magnus,1,d-------c
,0,0,-ve,ve,1,c--------
,0,0,iustis,justus,,a-p---nb-
,0,0,indiciis,indicium,,n-p---nb-
,0,0,adprobatum,approbo,,v-srppnn_
,0,0,est,sum,1,v3spia---
,0,0,non,non,,d--------
,0,0,esse,sum,1,v--pna---
,0,0,curae,cura,,n-s---fd-
,0,0,deis,deus,,n-p---md-
,0,0,securitatem,securitas,,n-s---fa-
,0,0,nostram,noster,,p-s---fa-
,0,0,esse,sum,1,v--pna---
,0,0,ultionem,ultio,,n-s---fa-
,0,0,Ceterum,ceterus,,d-------_
,0,0,antequam,antequam,,c--------
,0,0,destinata,destino,,v-prppna-
,0,0,componam,compono,,v1spsa---
,0,0,repetendum,repeto,,v-s-g-nn-
,0,0,videtur,video,,v3spip---
,0,0,qualis,qualis,,a-s---mn-
,0,0,status,status,2,n-s---mn-
,0,0,urbis,urbs,,n-s---fg-
,0,0,quae,qui,1,p-s---fn-
,0,0,mens,mens,,n-s---fn-
,0,0,exercituum,exercitus,2,n-p---mg-
,0,0,quis,quis,1,p-s---mn-
,0,0,habitus,habitus,2,n-p---mn-
,0,0,provinciarum,provincia,,n-p---fg-
,0,0,quid,quis,1,p-s---nn-
,0,0,in,in,,r--------
,0,0,toto,totus,1,a-s---mb-
,0,0,terrarum,terra,,n-p---fg-
,0,0,orbe,orbis,,n-s---mb-
,0,0,validum,validus,,a-s---nn-
,0,0,quid,quis,1,p-s---nn-
,0,0,aegrum,aeger,,a-s---nn-
,0,0,fuerit,sum,1,v3srsa---
,0,0,ut,ut,,c--------
,0,0,non,non,,d--------
,0,0,modo,modo,,d--------
,0,0,casus,casus,1,n-p---mn-
,0,0,eventus,eventus,,n-p---mn-
,0,0,-que,-que,,c--------
,0,0,rerum,res,,n-p---fg-
,0,0,qui,qui,1,p-p---mn-
,0,0,plerumque,plerusque,,d-------_
,0,0,fortuiti,fortuitus,,a-p---mn-
,0,0,sunt,sum,1,v3ppia---
,0,0,sed,sed,1,c--------
,0,0,ratio,ratio,,n-s---fn-
,0,0,etiam,etiam,,c--------
,0,0,causae,causa,,n-p---fn-
,0,0,-que,-que,,c--------
,0,0,noscantur,nosco,,v3ppsp---
,0,0,finis,finis,,n-s---mn-
,0,0,Neronis,Nero,,n-s---mg-
,0,0,ut,ut,,d--------
,0,0,laetus,laetus,1,a-s---mn-
,0,0,primo,primus,,m-s---mb-
,0,0,gaudentium,gaudeo,,v-ppp-mg-
,0,0,impetu,impetus,,n-s---mb-
,0,0,fuerat,sum,1,v3slia---
,0,0,ita,ita,,d--------
,0,0,varios,varius,1,a-p---ma-
,0,0,motus,motus,2,n-p---ma-
,0,0,animorum,animus,,n-p---mg-
,0,0,non,non,,d--------
,0,0,modo,modo,,d--------
,0,0,in,in,,r--------
,0,0,urbe,urbs,,n-s---fb-
,0,0,apud,apud,,r--------
,0,0,patres,pater,,n-p---ma-
,0,0,aut,aut,,c--------
,0,0,populum,populus,1,n-s---ma-
,0,0,aut,aut,,c--------
,0,0,urbanum,urbanus,,a-s---ma-
,0,0,militem,miles,,n-s---ma-
,0,0,sed,sed,1,c--------
,0,0,omnis,omnis,,a-p---fa-
,0,0,legiones,legio,,n-p---fa-
,0,0,duces,dux,,n-p---ma-
,0,0,-que,-que,,c--------
,0,0,conciverat,concieo,,v3slia---
,0,0,evulgato,evulgo,,v-srppnb-
,0,0,imperii,imperium,,n-s---ng-
,0,0,arcano,arcanus,1,a-s---nb-
,0,0,posse,possum,,v--pna---
,0,0,principem,princeps,1,a-s---ma_
,0,0,alibi,alibi,,d--------
,0,0,quam,quam,,d--------
,0,0,Romae,Roma,,n-s---fg-
,0,0,fieri,fio,,v--pnp---
,0,0,sed,sed,1,c--------
,0,0,patres,pater,,n-p---mn-
,0,0,laeti,laetus,1,a-p---mn-
,0,0,usurpata,usurpo,,v-srppfb-
,0,0,statim,statim,,d--------
,0,0,libertate,libertas,,n-s---fb-
,0,0,licentius,licet,,d-------c
,0,0,ut,ut,,c--------
,0,0,erga,erga,,r--------
,0,0,principem,princeps,1,a-s---ma_
,0,0,novum,novus,,a-s---ma-
,0,0,et,et,,c--------
,0,0,absentem,absum,,v-spp-ma-
,0,0,primores,primoris,,a-p---mn-
,0,0,equitum,eques,,n-p---mg-
,0,0,proximi,propior,,a-p---mns
,0,0,gaudio,gaudium,,n-s---nd-
,0,0,patrum,pater,,n-p---mg-
,0,0,pars,pars,,n-s---fn-
,0,0,populi,populus,1,n-s---mg-
,0,0,integra,integer,,a-s---fn-
,0,0,et,et,,c--------
,0,0,magnis,magnus,1,a-p---fd-
,0,0,domibus,domus,,n-p---fd-
,0,0,adnexa,adnecto,,v-srppfn-
,0,0,clientes,cliens,,n-p---mn-
,0,0,liberti,libertus,,a-p---mn-
,0,0,-que,-que,,c--------
,0,0,damnatorum,damnator,,n-p---mg-
,0,0,et,et,,c--------
,0,0,exulum,exsul,,n-p---mg-
,0,0,in,in,,r--------
,0,0,spem,spes,,n-s---fa-
,0,0,erecti,erigo,,v-prppmn-
,0,0,plebs,plebs,,n-s---fn-
,0,0,sordida,sordidus,,a-s---fn-
,0,0,et,et,,c--------
,0,0,circo,circus,,n-s---md-
,0,0,ac,atque,,c--------
,0,0,theatris,theatrum,,n-p---nd-
,0,0,sueta,suesco,,v-srppfn-
,0,0,simul,simul,,d--------
,0,0,deterrimi,deterior,,a-p---mns
,0,0,servorum,servus,1,a-p---mg-
,0,0,aut,aut,,c--------
,0,0,qui,qui,1,p-p---mn-
,0,0,adesis,adedo,,v-prppnb_
,0,0,bonis,bonus,,a-p---nb-
,0,0,per,per,,r--------
,0,0,dedecus,dedecus,,n-s---na-
,0,0,Neronis,Nero,,n-s---mg-
,0,0,alebantur,alo,,v3piip---
,0,0,maesti,maestus,,a-p---mn-
,0,0,et,et,,c--------
,0,0,rumorum,rumor,,n-p---mg-
,0,0,avidi,avidus,,a-p---mn-
,0,0,Miles,miles,,n-s---mn-
,0,0,urbanus,urbanus,,a-s---mn-
,0,0,longo,longus,,a-s---nb-
,0,0,Caesarum,Caesar,,n-p---mg-
,0,0,sacramento,sacramentum,,n-s---nb-
,0,0,imbutus,imbuo,,v-srppmn-
,0,0,et,et,,c--------
,0,0,ad,ad,,r--------
,0,0,destituendum,destituo,,v-s-g-ma-
,0,0,Neronem,Nero,,n-s---ma-
,0,0,arte,ars,,n-s---fb-
,0,0,magis,magnus,1,d-------c
,0,0,et,et,,c--------
,0,0,impulsu,impulsus,2,n-s---mb-
,0,0,quam,quam,,d--------
,0,0,suo,suus,,p-s---nb-
,0,0,ingenio,ingenium,,n-s---nb-
,0,0,traductus,traduco,,v-srppmn-
,0,0,postquam,postquam,,c--------
,0,0,neque,neque,,c--------
,0,0,dari,do,,v--pnp---
,0,0,donativum,donativum,,n-s---na-
,0,0,sub,sub,,r--------
,0,0,nomine,nomen,,n-s---nb-
,0,0,Galbae,Galba,,n-s---mg-
,0,0,promissum,promitto,,v-srppna-
,0,0,neque,neque,,c--------
,0,0,magnis,magnus,1,a-p---nd-
,0,0,meritis,mereo,,v-prppnd-
,0,0,ac,atque,,c--------
,0,0,praemiis,praemium,,n-p---nd-
,0,0,eundem,idem,,p-s---ma-
,0,0,in,in,,r--------
,0,0,pace,pax,,n-s---fb-
,0,0,quem,qui,1,p-s---ma-
,0,0,in,in,,r--------
,0,0,bello,bellum,,n-s---nb-
,0,0,locum,locus,,n-s---ma-
,0,0,praeventam,praevenio,,v-srppfa-
,0,0,-que,-que,,c--------
,0,0,gratiam,gratia,,n-s---fa-
,0,0,intellegit,intellego,,v3spia---
,0,0,apud,apud,,r--------
,0,0,principem,princeps,1,a-s---ma_
,0,0,a,ab,,r--------
,0,0,legionibus,legio,,n-p---fb-
,0,0,factum,facio,,v-srppma-
,0,0,pronus,pronus,,a-s---mn-
,0,0,ad,ad,,r--------
,0,0,novas,novus,,a-p---fa-
,0,0,res,res,,n-p---fa-
,0,0,scelere,scelus,,n-s---nb-
,0,0,insuper,insuper,,d--------
,0,0,Nymphidii,Nymphidius,,n-s---mg-
,0,0,Sabini,Sabinus,,n-s---mg-
,0,0,praefecti,praefectus,3,n-s---mg-
,0,0,imperium,imperium,,n-s---na-
,0,0,sibi,sui,,p-s---md-
,0,0,molientis,molior,,v-spp-mg-
,0,0,agitatur,agito,,v3spip---
,0,0,et,et,,c--------
,0,0,Nymphidius,Nymphidius,,n-s---mn-
,0,0,quidem,quidem,,d--------
,0,0,in,in,,r--------
,0,0,ipso,ipse,,p-s---mb-
,0,0,conatu,conatus,,n-s---mb-
,0,0,oppressus,opprimo,,v-srppmn-
,0,0,set,sed,1,c--------
,0,0,quamvis,quamvis,,d--------
,0,0,capite,caput,,n-s---nb-
,0,0,defectionis,defectio,,n-s---fg-
,0,0,ablato,aufero,,v-srppnb-
,0,0,manebat,maneo,,v3siia---
,0,0,plerisque,plerusque,,a-p---md_
,0,0,militum,miles,,n-p---mg-
,0,0,conscientia,conscientia,,n-s---fn-
,0,0,nec,neque,,c--------
,0,0,deerant,desum,,v3piia---
,0,0,sermones,sermo,,n-p---mn-
,0,0,senium,senium,,n-s---na-
,0,0,atque,atque,,c--------
,0,0,avaritiam,avaritia,,n-s---fa-
,0,0,Galbae,Galba,,n-s---mg-
,0,0,increpantium,increpo,,v-ppp-mg-
,0,0,laudata,laudo,,v-srppfn-
,0,0,olim,olim,,d--------
,0,0,et,et,,c--------
,0,0,militari,militaris,,a-s---fb-
,0,0,fama,fama,,n-s---fb-
,0,0,celebrata,celebro,,v-srppfn-
,0,0,severitas,severitas,,n-s---fn-
,0,0,eius,is,,p-s---mg-
,0,0,angebat,ango,,v3siia---
,0,0,aspernantis,aspernor,,v-ppp-ma-
,0,0,veterem,vetus,,a-s---fa-
,0,0,disciplinam,disciplina,,n-s---fa-
,0,0,atque,atque,,c--------
,0,0,ita,ita,,d--------
,0,0,quattuordecim,quattuordecim,,m--------
,0,0,annis,annus,,n-p---mb-
,0,0,a,ab,,r--------
,0,0,Nerone,Nero,,n-s---mb-
,0,0,adsuefactos,assuefacio,,v-prppma-
,0,0,ut,ut,,c--------
,0,0,haud,haud,,d--------
,0,0,minus,parvus,,d-------c
,0,0,vitia,vitium,,n-p---na-
,0,0,principum,princeps,1,a-p---mg_
,0,0,amarent,amo,,v3pisa---
,0,0,quam,quam,,d--------
,0,0,olim,olim,,d--------
,0,0,virtutes,virtus,,n-p---fa-
,0,0,verebantur,vereor,,v3piid---
,0,0,accessit,accedo,,v3sria---
,0,0,Galbae,Galba,,n-s---mg-
,0,0,vox,vox,,n-s---fn-
,0,0,pro,pro,1,r--------
,0,0,re,res,,n-s---fb-
,0,0,publica,publicus,,a-s---fb-
,0,0,honesta,honestus,,a-s---fn-
,0,0,ipsi,ipse,,p-s---md-
,0,0,anceps,anceps,,a-s---fn-
,0,0,legi,lego,2,v--pnp---
,0,0,a,ab,,r--------
,0,0,se,sui,,p-s---mb-
,0,0,militem,miles,,n-s---ma-
,0,0,non,non,,d--------
,0,0,emi,emo,,v--pnp---
,0,0,nec,neque,,c--------
,0,0,enim,enim,,c--------
,0,0,ad,ad,,r--------
,0,0,hanc,hic,,p-s---fa-
,0,0,formam,forma,,n-s---fa-
,0,0,cetera,ceterus,,a-p---nn-
,0,0,erant,sum,1,v3piia---
,0,0,Invalidum,invalidus,,a-s---ma-
,0,0,senem,senex,,n-s---ma-
,0,0,Titus,Titus,,n-s---mn-
,0,0,Vinius,Vinius,,n-s---mn-
,0,0,et,et,,c--------
,0,0,Cornelius,Cornelius,,n-s---mn-
,0,0,Laco,Laco,,n-s---mn-
,0,0,alter,alter,,a-s---mn-
,0,0,deterrimus,deterior,,a-s---mns
,0,0,mortalium,mortalis,,a-p---mg-
,0,0,alter,alter,,a-s---mn-
,0,0,ignavissimus,ignavus,,a-s---mns
,0,0,odio,odium,1,n-s---nb-
,0,0,flagitiorum,flagitium,,n-p---ng-
,0,0,oneratum,onero,,v-srppma-
,0,0,contemptu,contemptus,2,n-s---mb-
,0,0,inertiae,inertia,,n-s---fg-
,0,0,destruebant,destruo,,v3piia---
,0,0,tardum,tardus,,a-s---nn-
,0,0,Galbae,Galba,,n-s---mg-
,0,0,iter,iter,,n-s---nn-
,0,0,et,et,,c--------
,0,0,cruentum,cruentus,,a-s---nn-
,0,0,interfectis,interficio,,v-prppmb-
,0,0,Cingonio,Cingonius,,n-s---mb-
,0,0,Varrone,Varro,,n-s---mb-
,0,0,consule,consul,,n-s---mb-
,0,0,designato,designo,,v-srppmb-
,0,0,et,et,,c--------
,0,0,Petronio,Petronius,2,n-s---mb-
,0,0,Turpiliano,Turpilianus,,n-s---mb-
,0,0,consulari,consularis,,a-s---mb-
,0,0,ille,ille,,p-s---mn-
,0,0,ut,ut,,c--------
,0,0,Nymphidii,Nymphidius,,n-s---mg-
,0,0,socius,socius,,a-s---mn-
,0,0,hic,hic,,p-s---mn-
,0,0,ut,ut,,c--------
,0,0,dux,dux,,n-s---mn-
,0,0,Neronis,Nero,,n-s---mg-
,0,0,inauditi,inauditus,2,a-p---mn-
,0,0,atque,atque,,c--------
,0,0,indefensi,indefensus,,a-p---mn-
,0,0,tamquam,tamquam,,d--------
,0,0,innocentes,innocens,,a-p---mn-
,0,0,perierant,pereo,,v3plia---
,0,0,introitus,introitus,2,n-s---mn-
,0,0,in,in,,r--------
,0,0,urbem,urbs,,n-s---fa-
,0,0,trucidatis,trucido,,v-prppnb-
,0,0,tot,tot,,m-_---__-
,0,0,milibus,mille,,m-p---nb-
,0,0,inermium,inermis,,a-p---mg-
,0,0,militum,miles,,n-p---mg-
,0,0,infaustus,infaustus,,a-s---mn-
,0,0,omine,omen,,n-s---nb-
,0,0,atque,atque,,c--------
,0,0,ipsis,ipse,,p-p---md-
,0,0,etiam,etiam,,c--------
,0,0,qui,qui,1,p-p---mn-
,0,0,occiderant,occido,1,v3plia---
,0,0,formidolosus,formidulosus,,a-s---mn-
,0,0,inducta,induco,,v-srppfb-
,0,0,legione,legio,,n-s---fb-
,0,0,Hispana,Hispanus,,a-s---fb_
,0,0,remanente,remaneo,,v-spp-fb-
,0,0,ea,is,,p-s---fb-
,0,0,quam,qui,1,p-s---fa-
,0,0,e,ex,,r--------
,0,0,classe,classis,,n-s---fb-
,0,0,Nero,Nero,,n-s---mn-
,0,0,conscripserat,conscribo,,v3slia---
,0,0,plena,plenus,,a-s---fn-
,0,0,urbs,urbs,,n-s---fn-
,0,0,exercitu,exercitus,2,n-s---mb-
,0,0,insolito,insolitus,,a-s---mb-
,0,0,multi,multus,,a-p---mn-
,0,0,ad,ad,,r--------
,0,0,hoc,hic,,p-s---na-
,0,0,numeri,numerus,,n-p---mn-
,0,0,e,ex,,r--------
,0,0,Germania,Germania,,n-s---fb-
,0,0,ac,atque,,c--------
,0,0,Britannia,Britannia,,n-s---fb-
,0,0,et,et,,c--------
,0,0,Illyrico,Illyricum,,n-s---nb-
,0,0,quos,qui,1,p-p---ma-
,0,0,idem,idem,,p-s---mn-
,0,0,Nero,Nero,,n-s---mn-
,0,0,electos,eligo,,v-prppma-
,0,0,praemissos,praemitto,,v-prppma-
,0,0,-que,-que,,c--------
,0,0,ad,ad,,r--------
,0,0,claustra,claustra,,n-p---na-
,0,0,Caspiarum,Caspius,,a-p---fg_
,0,0,et,et,,c--------
,0,0,bellum,bellum,,n-s---na-
,0,0,quod,qui,1,p-s---na-
,0,0,in,in,,r--------
,0,0,Albanos,Albanus,,a-p---ma_
,0,0,parabat,paro,1,v3siia---
,0,0,opprimendis,opprimo,,v-p-g-nd-
,0,0,Vindicis,Vindex,,n-s---mg-
,0,0,coeptis,coepio,,v-prppnd-
,0,0,revocaverat,revoco,,v3slia---
,0,0,ingens,ingens,,a-s---fn-
,0,0,novis,novus,,a-p---fd-
,0,0,rebus,res,,n-p---fd-
,0,0,materia,materia,,n-s---fn-
,0,0,ut,ut,,c--------
,0,0,non,non,,d--------
,0,0,in,in,,r--------
,0,0,unum,unus,,m-s---ma-
,0,0,aliquem,aliquis,,p-s---ma-
,0,0,prono,pronus,,a-s---mb-
,0,0,favore,favor,,n-s---mb-
,0,0,ita,ita,,d--------
,0,0,audenti,audeo,,v-spp-md-
,0,0,parata,paro,1,v-srppfn-
,0,0,Forte,fors,,n-s---fb-
,0,0,congruerat,congruo,,v3slia---
,0,0,ut,ut,,c--------
,0,0,Clodii,Clodius,,n-s---mg-
,0,0,Macri,Macer,2,n-s---mg-
,0,0,et,et,,c--------
,0,0,Fontei,Fonteius,,n-s---mg-
,0,0,Capitonis,Capito,2,n-s---mg-
,0,0,caedes,caedes,,n-p---fn-
,0,0,nuntiarentur,nuntio,,v3pisp---
,0,0,Macrum,Macer,2,n-s---ma-
,0,0,in,in,,r--------
,0,0,Africa,Africa,,n-s---fb-
,0,0,haud,haud,,d--------
,0,0,dubie,dubius,,d-------_
,0,0,turbantem,turbo,1,v-spp-ma-
,0,0,Trebonius,Trebonius,,n-s---mn-
,0,0,Garutianus,Garutianus,,n-s---mn-
,0,0,procurator,procurator,,n-s---mn-
,0,0,iussu,jussus,2,n-s---mb-
,0,0,Galbae,Galba,,n-s---mg-
,0,0,Capitonem,Capito,2,n-s---ma-
,0,0,in,in,,r--------
,0,0,Germania,Germania,,n-s---fb-
,0,0,cum,cum,,c--------
,0,0,similia,similis,,a-p---na-
,0,0,coeptaret,coepto,,v3sisa---
,0,0,Cornelius,Cornelius,,n-s---mn-
,0,0,Aquinus,Aquinus,,n-s---mn-
,0,0,et,et,,c--------
,0,0,Fabius,Fabius,,n-s---mn-
,0,0,Valens,Valens,,n-s---mn-
,0,0,legati,legatus,,n-p---mn-
,0,0,legionum,legio,,n-p---fg-
,0,0,interfecerant,interficio,,v3plia---
,0,0,antequam,antequam,,c--------
,0,0,iuberentur,jubeo,,v3pisp---
,0,0,fuere,sum,1,v3pria---
,0,0,qui,qui,1,p-p---mn-
,0,0,crederent,credo,,v3pisa---
,0,0,Capitonem,Capito,2,n-s---ma-
,0,0,ut,ut,,c--------
,0,0,avaritia,avaritia,,n-s---fb-
,0,0,et,et,,c--------
,0,0,libidine,libido,,n-s---fb-
,0,0,foedum,foedus,1,a-s---ma-
,0,0,ac,atque,,c--------
,0,0,maculosum,maculosus,,a-s---ma-
,0,0,ita,ita,,d--------
,0,0,cogitatione,cogitatio,,n-s---fb-
,0,0,rerum,res,,n-p---fg-
,0,0,novarum,novus,,a-p---fg-
,0,0,abstinuisse,abstineo,,v--rna---
,0,0,sed,sed,1,c--------
,0,0,a,ab,,r--------
,0,0,legatis,legatus,,n-p---mb-
,0,0,bellum,bellum,,n-s---na-
,0,0,suadentibus,suadeo,,v-ppp-mb-
,0,0,postquam,postquam,,c--------
,0,0,impellere,impello,,v--pna---
,0,0,nequiverint,nequeo,,v3prsa---
,0,0,crimen,crimen,,n-s---na-
,0,0,ac,atque,,c--------
,0,0,dolum,dolus,,n-s---ma-
,0,0,ultro,ultro,,d--------
,0,0,compositum,compono,,v-srppma-
,0,0,et,et,,c--------
,0,0,Galbam,Galba,,n-s---ma-
,0,0,mobilitate,mobilitas,,n-s---fb-
,0,0,ingenii,ingenium,,n-s---ng-
,0,0,an,an,,c--------
,0,0,ne,ne,1,c--------
,0,0,altius,altus,1,d-------c
,0,0,scrutaretur,scrutor,,v3sisd---
,0,0,quoquo,quisquis,,p-s---mb-
,0,0,modo,modus,,n-s---mb-
,0,0,acta,ago,,v-prppna-
,0,0,quia,quia,,c--------
,0,0,mutari,muto,1,v--pnp---
,0,0,non,non,,d--------
,0,0,poterant,possum,,v3piia---
,0,0,comprobasse,comprobo,,v--rna---
,0,0,ceterum,ceter,,d-------_
,0,0,utraque,uterque,,a-s---fn_
,0,0,caedes,caedes,,n-s---fn-
,0,0,sinistre,sinister,,d-------_
,0,0,accepta,accipio,,v-srppfn-
,0,0,et,et,,c--------
,0,0,inviso,invideo,,v-srppmd-
,0,0,semel,semel,,d--------
,0,0,principi,princeps,,a-s---md_
,0,0,seu,sive,,c--------
,0,0,bene,bene,,d--------
,0,0,seu,sive,,c--------
,0,0,male,malus,1,d-------_
,0,0,facta,facio,,v-prppnn-
,0,0,parem,par,,a-s---fa-
,0,0,invidiam,invidia,,n-s---fa-
,0,0,adferebant,affero,,v3piia---
,0,0,venalia,venalis,,a-p---nn-
,0,0,cuncta,cunctus,,a-p---nn-
,0,0,praepotentes,praepossum,,v-ppp-mn-
,0,0,liberti,libertus,,a-p---mn-
,0,0,servorum,servus,2,n-p---mg-
,0,0,manus,manus,1,n-p---fn-
,0,0,subitis,subeo,,v-prppnd-
,0,0,avidae,avidus,,a-p---fn-
,0,0,et,et,,c--------
,0,0,tamquam,tamquam,,d--------
,0,0,apud,apud,,r--------
,0,0,senem,senex,,n-s---ma-
,0,0,festinantes,festino,,v-ppp-fn-
,0,0,eadem,idem,,p-p---nn-
,0,0,-que,-que,,c--------
,0,0,novae,novus,,a-s---fd-
,0,0,aulae,aula,,n-s---fd-
,0,0,mala,malus,1,a-p---nn-
,0,0,aeque,aequus,,d-------_
,0,0,gravia,gravis,,a-p---nn-
,0,0,non,non,,d--------
,0,0,aeque,aequus,,d-------_
,0,0,excusata,excuso,,v-prppnn-
,0,0,ipsa,ipse,,p-s---fn-
,0,0,aetas,aetas,,n-s---fn-
,0,0,Galbae,Galba,,n-s---mg-
,0,0,inrisui,irrisus,2,n-s---md-
,0,0,ac,atque,,c--------
,0,0,fastidio,fastidium,,n-s---nd-
,0,0,erat,sum,1,v3siia---
,0,0,adsuetis,assuesco,,v-prppmd-
,0,0,iuventae,juventa,,n-s---fd-
,0,0,Neronis,Nero,,n-s---mg-
,0,0,et,et,,c--------
,0,0,imperatores,imperator,,n-p---ma-
,0,0,forma,forma,,n-s---fb-
,0,0,ac,atque,,c--------
,0,0,decore,decus,1,n-s---nb-
,0,0,corporis,corpus,,n-s---ng-
,0,0,ut,ut,,c--------
,0,0,est,sum,1,v3spia---
,0,0,mos,mos,,n-s---mn-
,0,0,vulgi,vulgus,,n-s---ng-
,0,0,comparantibus,comparo,1,v-ppp-md-
,0,0,Et,et,,c--------
,0,0,hic,hic,,p-s---mn-
,0,0,quidem,quidem,,d--------
,0,0,Romae,Roma,,n-s---fg-
,0,0,tamquam,tamquam,,d--------
,0,0,in,in,,r--------
,0,0,tanta,tantus,,a-s---fb-
,0,0,multitudine,multitudo,,n-s---fb-
,0,0,habitus,habitus,2,n-s---mn-
,0,0,animorum,animus,,n-p---mg-
,0,0,fuit,sum,1,v3sria---
,0,0,e,ex,,r--------
,0,0,provinciis,provincia,,n-p---fb-
,0,0,Hispaniae,Hispania,,n-s---fd-
,0,0,praeerat,praesum,,v3siia---
,0,0,Cluvius,Cluvius,,n-s---mn-
,0,0,Rufus,Rufus,2,n-s---mn-
,0,0,vir,vir,,n-s---mn-
,0,0,facundus,facundus,,a-s---mn-
,0,0,et,et,,c--------
,0,0,pacis,pax,,n-s---fg-
,0,0,artibus,ars,,n-p---fb-
,0,0,bellis,bellum,,n-p---nb-
,0,0,inexpertus,inexpertus,,a-s---mn-
,0,0,Galliae,Gallia,,n-p---fn-
,0,0,super,super,2,r--------
,0,0,memoriam,memoria,,n-s---fa-
,0,0,Vindicis,Vindex,,n-s---mg-
,0,0,obligatae,obligo,,v-prppfn-
,0,0,recenti,recens,,a-s---nb-
,0,0,dono,donum,,n-s---nb-
,0,0,Romanae,Romanus,,a-s---fg_
,0,0,civitatis,civitas,,n-s---fg-
,0,0,et,et,,c--------
,0,0,in,in,,r--------
,0,0,posterum,posterus,,a-s---na-
,0,0,tributi,tribuo,,v-srppng-
,0,0,levamento,levamentum,,n-s---nb-
,0,0,proximae,propior,,a-p---fns
,0,0,tamen,tamen,,d--------
,0,0,Germanicis,Germanicus,,a-p---md_
,0,0,exercitibus,exercitus,2,n-p---md-
,0,0,Galliarum,Gallia,,n-p---fg-
,0,0,civitates,civitas,,n-p---fn-
,0,0,non,non,,d--------
,0,0,eodem,idem,,p-s---mb-
,0,0,honore,honor,,n-s---mb-
,0,0,habitae,habeo,,v-prppfn-
,0,0,quaedam,quidam,,p-p---fn-
,0,0,etiam,etiam,,c--------
,0,0,finibus,finis,,n-p---mb-
,0,0,ademptis,adimo,,v-prppmb-
,0,0,pari,par,,a-s---mb_
,0,0,dolore,dolor,,n-s---mb-
,0,0,commoda,commodus,1,a-p---na-
,0,0,aliena,alienus,,a-p---na-
,0,0,ac,atque,,c--------
,0,0,suas,suus,,p-p---fa-
,0,0,iniurias,injuria,,n-p---fa-
,0,0,metiebantur,metior,,v3piid---
,0,0,Germanici,Germanicus,,a-p---mn_
,0,0,exercitus,exercitus,2,n-p---mn-
,0,0,quod,qui,1,p-s---nn-
,0,0,periculosissimum,periculosus,,a-s---nns
,0,0,in,in,,r--------
,0,0,tantis,tantus,,a-p---fb-
,0,0,viribus,vis,,n-p---fb-
,0,0,solliciti,sollicitus,,a-p---mn-
,0,0,et,et,,c--------
,0,0,irati,irascor,,v-prpdmn_
,0,0,superbia,superbia,,n-s---fb-
,0,0,recentis,recens,,a-s---fg-
,0,0,victoriae,victoria,,n-s---fg-
,0,0,et,et,,c--------
,0,0,metu,metus,,n-s---mb-
,0,0,tamquam,tamquam,,d--------
,0,0,alias,alius,2,a-p---fa_
,0,0,partis,pars,,n-p---fa-
,0,0,fovissent,foveo,,v3plsa---
,0,0,tarde,tardus,,d-------_
,0,0,a,ab,,r--------
,0,0,Nerone,Nero,,n-s---mb-
,0,0,desciverant,descisco,,v3plia---
,0,0,nec,neque,,c--------
,0,0,statim,statim,,d--------
,0,0,pro,pro,1,r--------
,0,0,Galba,Galba,,n-s---mb-
,0,0,Verginius,Verginius,,n-s---mn-
,0,0,an,an,1,c--------
,0,0,imperare,impero,,v--pna---
,0,0,noluisset,nolo,,v3slsa---
,0,0,dubium,dubius,,a-s---nn-
,0,0,delatum,defero,,v-srppna-
,0,0,ei,is,,p-s---md-
,0,0,a,ab,,r--------
,0,0,milite,miles,,n-s---mb-
,0,0,imperium,imperium,,n-s---na-
,0,0,conveniebat,convenio,,v3siia---
,0,0,Fonteium,Fonteius,,n-s---ma-
,0,0,Capitonem,Capito,2,n-s---ma-
,0,0,occisum,occido,1,v-srppma-
,0,0,etiam,etiam,,c--------
,0,0,qui,qui,1,p-p---mn-
,0,0,queri,queror,,v--pnd---
,0,0,non,non,,d--------
,0,0,poterant,possum,,v3piia---
,0,0,tamen,tamen,,d--------
,0,0,indignabantur,indignor,,v3piid---
,0,0,dux,dux,,n-s---mn-
,0,0,deerat,desum,,v3siia---
,0,0,abducto,abduco,,v-srppmb-
,0,0,Verginio,Verginius,,n-s---mb-
,0,0,per,per,,r--------
,0,0,simulationem,simulatio,,n-s---fa-
,0,0,amicitiae,amicitia,,n-s---fg-
,0,0,quem,qui,1,p-s---ma-
,0,0,non,non,,d--------
,0,0,remitti,remitto,,v--pnp---
,0,0,atque,atque,,c--------
,0,0,etiam,etiam,,c--------
,0,0,reum,reus,,n-s---ma-
,0,0,esse,sum,1,v--pna---
,0,0,tamquam,tamquam,,d--------
,0,0,suum,suus,,p-s---na-
,0,0,crimen,crimen,,n-s---na-
,0,0,accipiebant,accipio,,v3piia---
,0,0,Superior,superus,,a-s---mnc
,0,0,exercitus,exercitus,2,n-s---mn-
,0,0,legatum,legatus,,n-s---ma-
,0,0,Hordeonium,Hordeonius,,n-s---ma-
,0,0,Flaccum,Flaccus,2,n-s---ma-
,0,0,spernebat,sperno,,v3siia---
,0,0,senecta,senecta,,n-s---fb-
,0,0,ac,atque,,c--------
,0,0,debilitate,debilitas,,n-s---fb-
,0,0,pedum,pes,,n-p---mg-
,0,0,invalidum,invalidus,,a-s---ma-
,0,0,sine,sine,,r--------
,0,0,constantia,constantia,1,n-s---fb-
,0,0,sine,sine,,r--------
,0,0,auctoritate,auctoritas,,n-s---fb-
,0,0,ne,ne,1,d--------
,0,0,quieto,quiesco,,v-srppmb-
,0,0,quidem,quidem,,d--------
,0,0,milite,miles,,n-s---mb-
,0,0,regimen,regimen,,n-s---nn-
,0,0,adeo,adeo,2,d--------
,0,0,furentes,furo,,v-ppp-mn-
,0,0,infirmitate,infirmitas,,n-s---fb-
,0,0,retinentis,retineo,,v-spp-mg-
,0,0,ultro,ultro,,d--------
,0,0,accendebantur,accendo,2,v3piip---
,0,0,inferioris,inferus,,a-s---fgc
,0,0,Germaniae,Germania,,n-s---fg-
,0,0,legiones,legio,,n-p---fn-
,0,0,diutius,diu,,d-------c
,0,0,sine,sine,,r--------
,0,0,consulari,consularis,,a-s---mb-
,0,0,fuere,sum,1,v3pria---
,0,0,donec,donec,,c--------
,0,0,missu,missus,2,n-s---mb-
,0,0,Galbae,Galba,,n-s---mg-
,0,0,A.,Aulus,,n-s---mn-
,0,0,Vitellius,Vitellius,,n-s---mn-
,0,0,aderat,adsum,,v3siia---
,0,0,censoris,censor,,n-s---mg-
,0,0,Vitellii,Vitellius,,n-s---mg-
,0,0,ac,atque,,c--------
,0,0,ter,ter,,d--------
,0,0,consulis,consul,,n-s---mg-
,0,0,filius,filius,,n-s---mn-
,0,0,id,is,,p-s---nn-
,0,0,satis,satis,,d--------
,0,0,videbatur,video,,v3siip---
,0,0,in,in,,r--------
,0,0,Britannico,Britannicus,,a-s---mb_
,0,0,exercitu,exercitus,2,n-s---mb-
,0,0,nihil,nihil,,n-s---n_-
,0,0,irarum,ira,,n-p---fg-
,0,0,non,non,,d--------
,0,0,sane,sanus,,d-------_
,0,0,aliae,alius,2,a-p---fn_
,0,0,legiones,legio,,n-p---fn-
,0,0,per,per,,r--------
,0,0,omnis,omnis,,a-p---ma-
,0,0,civilium,civilis,1,a-p---ng-
,0,0,bellorum,bellum,,n-p---ng-
,0,0,motus,motus,2,n-p---ma-
,0,0,innocentius,innocens,,d-------c
,0,0,egerunt,ago,,v3pria---
,0,0,seu,sive,,c--------
,0,0,quia,quia,,c--------
,0,0,procul,procul,,d--------
,0,0,et,et,,c--------
,0,0,Oceano,Oceanus,,n-s---mb-
,0,0,divisae,divido,,v-prppfn-
,0,0,seu,sive,,c--------
,0,0,crebris,creber,,a-p---fb-
,0,0,expeditionibus,expeditio,,n-p---fb-
,0,0,doctae,doceo,,v-prppfn-
,0,0,hostem,hostis,,n-s---ma-
,0,0,potius,potis,,d-------c
,0,0,odisse,odi,,v--rna---
,0,0,quies,quies,1,n-s---fn-
,0,0,et,et,,c--------
,0,0,Illyrico,Illyricum,,n-s---nb-
,0,0,quamquam,quamquam,,c--------
,0,0,excitae,excio,,v-prppfn-
,0,0,a,ab,,r--------
,0,0,Nerone,Nero,,n-s---mb-
,0,0,legiones,legio,,n-p---fn-
,0,0,dum,dum,,c--------
,0,0,in,in,,r--------
,0,0,Italia,Italia,,n-s---fb-
,0,0,cunctantur,cunctor,,v3ppid---
,0,0,Verginium,Verginius,,n-s---ma-
,0,0,legationibus,legatio,,n-p---fb-
,0,0,adissent,adeo,1,v3plsa---
,0,0,sed,sed,1,c--------
,0,0,longis,longus,,a-p---nb-
,0,0,spatiis,spatium,,n-p---nb-
,0,0,discreti,discerno,,v-prppmn-
,0,0,exercitus,exercitus,2,n-p---mn-
,0,0,quod,qui,1,p-s---nn-
,0,0,saluberrimum,saluber,,a-s---nns
,0,0,est,sum,1,v3spia---
,0,0,ad,ad,,r--------
,0,0,continendam,contineo,,v-s-g-fa-
,0,0,militarem,militaris,,a-s---fa-
,0,0,fidem,fides,1,n-s---fa-
,0,0,nec,neque,,c--------
,0,0,vitiis,vitium,,n-p---nb-
,0,0,nec,neque,,c--------
,0,0,viribus,vis,,n-p---fb-
,0,0,miscebantur,misceo,,v3piip---
,0,0,Oriens,orior,,v-spp-mn-
,0,0,adhuc,adhuc,,d--------
,0,0,immotus,immotus,,a-s---mn-
,0,0,Syriam,Syria,,n-s---fa-
,0,0,et,et,,c--------
,0,0,quattuor,quattuor,,m--------
,0,0,legiones,legio,,n-p---fa-
,0,0,obtinebat,obtineo,,v3siia---
,0,0,Licinius,Licinius,,n-s---mn-
,0,0,Mucianus,Mucianus,,n-s---mn-
,0,0,vir,vir,,n-s---mn-
,0,0,secundis,secundus,1,a-p---fb-
,0,0,adversis,adverto,,v-prppfb-
,0,0,-que,-que,,c--------
,0,0,iuxta,juxta,,d--------
,0,0,famosus,famosus,,a-s---mn-
,0,0,insignis,insignis,,a-p---fa-
,0,0,amicitias,amicitia,,n-p---fa-
,0,0,iuvenis,juvenis,,a-s---mn-
,0,0,ambitiose,ambitiosus,,d-------_
,0,0,coluerat,colo,1,v3slia---
,0,0,mox,mox,,d--------
,0,0,attritis,attero,,v-prppfb-
,0,0,opibus,ops,1,n-p---fb-
,0,0,lubrico,lubricus,,a-s---mb-
,0,0,statu,status,2,n-s---mb-
,0,0,suspecta,suspicio,1,v-srppfb-
,0,0,etiam,etiam,,c--------
,0,0,Claudii,Claudius,,n-s---mg-
,0,0,iracundia,iracundia,,n-s---fb-
,0,0,in,in,,r--------
,0,0,secretum,secerno,,v-srppna-
,0,0,Asiae,Asia,,n-s---fg-
,0,0,sepositus,sepono,,v-srppmn-
,0,0,tam,tam,,d--------
,0,0,prope,prope,,d--------
,0,0,ab,ab,,r--------
,0,0,exule,exsul,,n-s---mb-
,0,0,fuit,sum,1,v3sria---
,0,0,quam,quam,,d--------
,0,0,postea,postea,,d--------
,0,0,a,ab,,r--------
,0,0,principe,princeps,,a-s---mb_
,0,0,luxuria,luxuria,,n-s---fb-
,0,0,industria,industria,1,n-s---fb-
,0,0,comitate,comitas,,n-s---fb-
,0,0,adrogantia,arrogantia,,n-s---fb-
,0,0,malis,malus,1,a-p---fb-
,0,0,bonis,bonus,,a-p---fb-
,0,0,-que,-que,,c--------
,0,0,artibus,ars,,n-p---fb-
,0,0,mixtus,misceo,,v-srppmn-
,0,0,nimiae,nimius,,a-p---fn-
,0,0,voluptates,voluptas,,n-p---fn-
,0,0,cum,cum,,c--------
,0,0,vacaret,vaco,,v3sisa---
,0,0,quotiens,quotiens,,d--------
,0,0,expedierat,expedio,,v3slia---
,0,0,magnae,magnus,1,a-p---fn-
,0,0,virtutes,virtus,,n-p---fn-
,0,0,palam,palam,,d--------
,0,0,laudares,laudo,,v2sisa---
,0,0,secreta,secerno,,v-prppnn-
,0,0,male,malus,1,d-------_
,0,0,audiebant,audio,,v3piia---
,0,0,sed,sed,1,c--------
,0,0,apud,apud,,r--------
,0,0,subiectos,subicio,,v-prppma-
,0,0,apud,apud,,r--------
,0,0,proximos,propior,,a-p---mas
,0,0,apud,apud,,r--------
,0,0,collegas,collega,,n-p---ma-
,0,0,variis,varius,1,a-p---fb-
,0,0,inlecebris,illecebra,,n-p---fb-
,0,0,potens,possum,,v-spp-mn-
,0,0,et,et,,c--------
,0,0,cui,qui,1,p-s---md-
,0,0,expeditius,expedio,,v-srppnnc
,0,0,fuerit,sum,1,v3srsa---
,0,0,tradere,trado,,v--pna---
,0,0,imperium,imperium,,n-s---na-
,0,0,quam,quam,,d--------
,0,0,obtinere,obtineo,,v--pna---
,0,0,bellum,bellum,,n-s---na-
,0,0,Iudaicum,Judaicus,,a-s---na_
,0,0,Flavius,Flavius,,n-s---mn-
,0,0,Vespasianus,Vespasianus,,n-s---mn-
,0,0,ducem,dux,,n-s---ma-
,0,0,eum,is,,p-s---ma-
,0,0,Nero,Nero,,n-s---mn-
,0,0,delegerat,deligo,1,v3slia---
,0,0,tribus,tres,,m-p---fb-
,0,0,legionibus,legio,,n-p---fb-
,0,0,administrabat,administro,,v3siia---
,0,0,nec,neque,,c--------
,0,0,Vespasiano,Vespasianus,,n-s---md-
,0,0,adversus,adversus,2,r--------
,0,0,Galbam,Galba,,n-s---ma-
,0,0,votum,votum,,n-s---nn-
,0,0,aut,aut,,c--------
,0,0,animus,animus,,n-s---mn-
,0,0,quippe,quippe,,d--------
,0,0,Titum,Titus,,n-s---ma-
,0,0,filium,filius,,n-s---ma-
,0,0,ad,ad,,r--------
,0,0,venerationem,veneratio,,n-s---fa-
,0,0,cultum,cultus,2,n-s---ma-
,0,0,-que,-que,,c--------
,0,0,eius,is,,p-s---mg-
,0,0,miserat,mitto,,v3slia---
,0,0,ut,ut,,c--------
,0,0,suo,suus,,p-s---mb-
,0,0,loco,locus,,n-s---mb-
,0,0,memorabimus,memoro,,v1pfia---
,0,0,occulta,occulo,,v-prppna-
,0,0,fati,fatum,,n-s---ng-
,0,0,et,et,,c--------
,0,0,ostentis,ostendo,,v-prppnd-
,0,0,ac,atque,,c--------
,0,0,responsis,respondeo,,v-prppnd-
,0,0,destinatum,destino,,v-srppna-
,0,0,Vespasiano,Vespasianus,,n-s---md-
,0,0,liberis,liber,2,n-p---md-
,0,0,-que,-que,,c--------
,0,0,eius,is,,p-s---mg-
,0,0,imperium,imperium,,n-s---na-
,0,0,post,post,,r--------
,0,0,fortunam,fortuna,,n-s---fa-
,0,0,credidimus,credo,,v1pria---
,0,0,Aegyptum,Aegyptus,1,n-s---ma-
,0,0,copias,copia,1,n-p---fa-
,0,0,-que,-que,,c--------
,0,0,quibus,qui,1,p-p---fb-
,0,0,coerceretur,coerceo,,v3sisp---
,0,0,iam,jam,,d--------
,0,0,inde,inde,,d--------
,0,0,a,ab,,r--------
,0,0,divo,divus,,a-s---mb-
,0,0,Augusto,Augustus,2,n-s---mb-
,0,0,equites,eques,,n-p---mn-
,0,0,Romani,Romanus,,a-p---mn_
,0,0,obtinent,obtineo,,v3ppia---
,0,0,loco,locus,,n-s---mb-
,0,0,regum,rex,,n-p---mg-
,0,0,ita,ita,,d--------
,0,0,visum,video,,v-srppnn-
,0,0,expedire,expedio,,v--pna---
,0,0,provinciam,provincia,,n-s---fa-
,0,0,aditu,adeo,1,v___sp---
,0,0,difficilem,difficilis,,a-s---fa-
,0,0,annonae,annona,,n-s---fg-
,0,0,fecundam,fecundus,,a-s---fa-
,0,0,superstitione,superstitio,,n-s---fb-
,0,0,ac,atque,,c--------
,0,0,lascivia,lascivia,,n-s---fb-
,0,0,discordem,discors,,a-s---fa_
,0,0,et,et,,c--------
,0,0,mobilem,mobilis,,a-s---fa-
,0,0,insciam,inscius,,a-s---fa-
,0,0,legum,lex,,n-p---fg-
,0,0,ignaram,ignarus,,a-s---fa-
,0,0,magistratuum,magistratus,,n-p---mg-
,0,0,domi,domus,,n-s---fg-
,0,0,retinere,retineo,,v--pna---
,0,0,regebat,rego,,v3siia---
,0,0,tum,tum,,d--------
,0,0,Tiberius,Tiberius,,n-s---mn-
,0,0,Alexander,Alexander,,n-s---mn-
,0,0,eiusdem,idem,,p-s---fg-
,0,0,nationis,natio,,n-s---fg-
,0,0,Africa,Africa,,n-s---fn-
,0,0,ac,atque,,c--------
,0,0,legiones,legio,,n-p---fn-
,0,0,in,in,,r--------
,0,0,ea,is,,p-s---fb-
,0,0,interfecto,interficio,,v-srppmb-
,0,0,Clodio,Clodius,,n-s---mb-
,0,0,Macro,Macer,2,n-s---mb-
,0,0,contenta,contineo,,v-srppfn-
,0,0,qualicumque,qualiscumque,,p-s---mb-
,0,0,principe,princeps,,a-s---mb_
,0,0,post,post,,r--------
,0,0,experimentum,experimentum,,n-s---na-
,0,0,domini,dominus,,n-s---mg-
,0,0,minoris,parvus,,a-s---mgc
,0,0,duae,duo,,m-p---fn-
,0,0,Mauretaniae,Mauretania,,n-p---fn-
,0,0,Raetia,Raetia,,n-s---fn-
,0,0,Noricum,Noricum,,n-s---nn-
,0,0,Thraecia,Thracia,,n-s---fn-
,0,0,et,et,,c--------
,0,0,quae,qui,1,p-p---fn-
,0,0,aliae,alius,2,a-p---fn_
,0,0,procuratoribus,procurator,,n-p---mb-
,0,0,cohibentur,cohibeo,,v3ppip---
,0,0,ut,ut,,c--------
,0,0,cuique,quisque,,p-s---md-
,0,0,exercitui,exercitus,2,n-s---md-
,0,0,vicinae,vicinus,,a-p---fn-
,0,0,ita,ita,,d--------
,0,0,in,in,,r--------
,0,0,favorem,favor,,n-s---ma-
,0,0,aut,aut,,c--------
,0,0,odium,odium,1,n-s---na-
,0,0,contactu,contactus,2,n-s---mb-
,0,0,valentiorum,valeo,,v-pppamgc
,0,0,agebantur,ago,,v3piip---
,0,0,inermes,inermis,,a-p---fn-
,0,0,provinciae,provincia,,n-p---fn-
,0,0,atque,atque,,c--------
,0,0,ipsa,ipse,,p-s---fn-
,0,0,in,in,,r--------
,0,0,primis,primus,,m-p---nb-
,0,0,Italia,Italia,,n-s---fn-
,0,0,cuicumque,quicumque,,p-s---nd-
,0,0,servitio,servitium,,n-s---nd-
,0,0,exposita,expono,,v-srppfn-
,0,0,in,in,,r--------
,0,0,pretium,pretium,,n-s---na-
,0,0,belli,bellum,,n-s---ng-
,0,0,cessurae,cedo,1,v-pfpafn-
,0,0,erant,sum,1,v3piia---
,0,0,hic,hic,,p-s---mn-
,0,0,fuit,sum,1,v3sria---
,0,0,rerum,res,,n-p---fg-
,0,0,Romanarum,Romanus,,a-p---fg_
,0,0,status,status,2,n-s---mn-
,0,0,cum,cum,,c--------
,0,0,Servius,Servius,,n-s---mn-
,0,0,Galba,Galba,,n-s---mn-
,0,0,iterum,iterum,,d--------
,0,0,Titus,Titus,,n-s---mn-
,0,0,Vinius,Vinius,,n-s---mn-
,0,0,consules,consul,,n-p---mn-
,0,0,inchoavere,incoho,,v3pria---
,0,0,annum,annus,,n-s---ma-
,0,0,sibi,sui,,p-p---md-
,0,0,ultimum,ulter,,a-s---mas
,0,0,rei,res,,n-s---fg-
,0,0,publicae,publicus,,a-s---fg-
,0,0,prope,prope,,d--------
,0,0,supremum,superus,,a-s---mas
,0,0,Paucis,paucus,,a-p---mb-
,0,0,post,post,,r--------
,0,0,kalendas,Kalendae,,n-p---fa-
,0,0,Ianuarias,Januarius,,a-p---fa_
,0,0,diebus,dies,,n-p---mb-
,0,0,Pompei,Pompejus,,n-s---mg-
,0,0,Propinqui,Propinquus,,n-s---mg-
,0,0,procuratoris,procurator,,n-s---mg-
,0,0,e,ex,,r--------
,0,0,Belgica,Belgicus,,a-s---fb_
,0,0,litterae,littera,,n-p---fn-
,0,0,adferuntur,affero,,v3ppip---
,0,0,superioris,superus,,a-s---fgc
,0,0,Germaniae,Germania,,n-s---fg-
,0,0,legiones,legio,,n-p---fa-
,0,0,rupta,rumpo,,v-srppfb-
,0,0,sacramenti,sacramentum,,n-s---ng-
,0,0,reverentia,reverentia,,n-s---fb-
,0,0,imperatorem,imperator,,n-s---ma-
,0,0,alium,alius,2,a-s---ma_
,0,0,flagitare,flagito,,v--pna---
,0,0,et,et,,c--------
,0,0,senatui,senatus,,n-s---md-
,0,0,ac,atque,,c--------
,0,0,populo,populus,1,n-s---md-
,0,0,Romano,Romanus,,a-s---md_
,0,0,arbitrium,arbitrium,,n-s---na-
,0,0,eligendi,eligo,,v___g__g-
,0,0,permittere,permitto,,v--pna---
,0,0,quo,quo,,d--------
,0,0,seditio,seditio,,n-s---fn-
,0,0,mollius,mollis,,d-------c
,0,0,acciperetur,accipio,,v3sisp---
,0,0,maturavit,maturo,,v3sria---
,0,0,ea,is,,p-s---fn-
,0,0,res,res,,n-s---fn-
,0,0,consilium,consilium,,n-s---na-
,0,0,Galbae,Galba,,n-s---mg-
,0,0,iam,jam,,d--------
,0,0,pridem,pridem,,d--------
,0,0,de,de,,r--------
,0,0,adoptione,adoptio,,n-s---fb-
,0,0,secum,sui,,p-s---mb-
,0,0,et,et,,c--------
,0,0,cum,cum,,r--------
,0,0,proximis,propior,,a-p---mbs
,0,0,agitantis,agito,,v-spp-mg-
,0,0,non,non,,d--------
,0,0,sane,sanus,,d-------_
,0,0,crebrior,creber,,a-s---mnc
,0,0,tota,totus,2,a-s---fb-
,0,0,civitate,civitas,,n-s---fb-
,0,0,sermo,sermo,,n-s---mn-
,0,0,per,per,,r--------
,0,0,illos,ille,,p-p---ma-
,0,0,mensis,mensis,,n-p---ma-
,0,0,fuerat,sum,1,v3slia---
,0,0,primum,primus,,d-------_
,0,0,licentia,licentia,,n-s---fb-
,0,0,ac,atque,,c--------
,0,0,libidine,libido,,n-s---fb-
,0,0,talia,talis,,a-p---na-
,0,0,loquendi,loquor,,v___d_-g-
,0,0,dein,deinde,,d--------
,0,0,fessa,fessus,,a-s---fb-
,0,0,iam,jam,,d--------
,0,0,aetate,aetas,,n-s---fb-
,0,0,Galbae,Galba,,n-s---mg-
,0,0,paucis,paucus,,a-p---md-
,0,0,iudicium,judicium,,n-s---nn-
,0,0,aut,aut,,c--------
,0,0,rei,res,,n-s---fg-
,0,0,publicae,publicus,,a-s---fg-
,0,0,amor,amor,,n-s---mn-
,0,0,multi,multus,,a-p---mn-
,0,0,stulta,stultus,,a-s---fb-
,0,0,spe,spes,,n-s---fb-
,0,0,prout,pro,1,d-------_
,0,0,quis,quis,1,p-s---mn-
,0,0,amicus,amicus,2,n-s---mn-
,0,0,vel,vel,,c--------
,0,0,cliens,cliens,,n-s---mn-
,0,0,hunc,hic,,p-s---ma-
,0,0,vel,vel,,c--------
,0,0,illum,ille,,p-s---ma-
,0,0,ambitiosis,ambitiosus,,a-p---md-
,0,0,rumoribus,rumor,,n-p---md-
,0,0,destinabant,destino,,v3piia---
,0,0,etiam,etiam,,c--------
,0,0,in,in,,r--------
,0,0,Titi,Titus,,n-s---mg-
,0,0,Vinii,Vinius,,n-s---mg-
,0,0,odium,odium,1,n-s---na-
,0,0,qui,qui,1,p-s---mn-
,0,0,in,in,,r--------
,0,0,dies,dies,,n-p---ma-
,0,0,quanto,quantus,,d-------_
,0,0,potentior,possum,,v-spp_mnc
,0,0,eodem,idem,,p-s---mb-
,0,0,actu,actus,2,n-s---mb-
,0,0,invisior,invideo,1,v-srppmnc
,0,0,erat,sum,1,v3siia---
,0,0,quippe,quippe,,d--------
,0,0,hiantis,hio,,v-ppp-fa-
,0,0,in,in,,r--------
,0,0,magna,magnus,1,a-s---fb-
,0,0,fortuna,fortuna,,n-s---fb-
,0,0,amicorum,amicus,2,n-p---mg-
,0,0,cupiditates,cupiditas,,n-p---fa-
,0,0,ipsa,ipse,,p-s---fn-
,0,0,Galbae,Galba,,n-s---mg-
,0,0,facilitas,facilitas,,n-s---fn-
,0,0,intendebat,intendo,,v3siia---
,0,0,cum,cum,,c--------
,0,0,apud,apud,,r--------
,0,0,infirmum,infirmus,,a-s---ma-
,0,0,et,et,,c--------
,0,0,credulum,credulus,,a-s---ma-
,0,0,minore,parvus,,a-s---mbc
,0,0,metu,metus,,n-s---mb-
,0,0,et,et,,c--------
,0,0,maiore,magnus,1,a-s---nbc
,0,0,praemio,praemium,,n-s---nb-
,0,0,peccaretur,pecco,,v3sisp---
,0,0,Potentia,potentia,1,n-s---fn-
,0,0,principatus,principatus,,n-s---mg-
,0,0,divisa,divido,,v-srppfn-
,0,0,in,in,,r--------
,0,0,Titum,Titus,,n-s---ma-
,0,0,Vinium,Vinius,,n-s---ma-
,0,0,consulem,consul,,n-s---ma-
,0,0,Cornelium,Cornelius,,n-s---ma-
,0,0,Laconem,Laco,,n-s---ma-
,0,0,praetorii,praetorius,,a-s---mg-
,0,0,praefectum,praeficio,,v-srppma-
,0,0,nec,neque,,c--------
,0,0,minor,parvus,,a-s---fnc
,0,0,gratia,gratia,,n-s---fn-
,0,0,Icelo,Icelus,,n-s---md-
,0,0,Galbae,Galba,,n-s---md-
,0,0,liberto,libertus,,a-s---md-
,0,0,quem,qui,1,p-s---ma-
,0,0,anulis,anulus,1,n-p---mb-
,0,0,donatum,dono,,v-srppma-
,0,0,equestri,equester,,a-s---nb-
,0,0,nomine,nomen,,n-s---nb-
,0,0,Marcianum,Marcianus,,n-s---ma-
,0,0,vocitabant,vocito,,v3piia---
,0,0,hi,hic,,p-p---mn-
,0,0,discordes,discors,,a-p---mn_
,0,0,et,et,,c--------
,0,0,rebus,res,,n-p---fb-
,0,0,minoribus,parvus,,a-p---fbc
,0,0,sibi,sui,,p-p---md-
,0,0,quisque,quisque,,p-s---mn-
,0,0,tendentes,tendo,,v-ppp-mn-
,0,0,circa,circa,1,r--------
,0,0,consilium,consilium,,n-s---na-
,0,0,eligendi,eligo,,v-s-g-mg-
,0,0,successoris,successor,,n-s---mg-
,0,0,in,in,,r--------
,0,0,duas,duo,,m-p---fa-
,0,0,factiones,factio,,n-p---fa-
,0,0,scindebantur,scindo,,v3piip---
,0,0,Vinius,Vinius,,n-s---mn-
,0,0,pro,pro,1,r--------
,0,0,M.,Marcus,,n-s---mb-
,0,0,Othone,Otho,,n-s---mb-
,0,0,Laco,Laco,,n-s---mn-
,0,0,atque,atque,,c--------
,0,0,Icelus,Icelus,,n-s---mn-
,0,0,consensu,consensus,2,n-s---mb-
,0,0,non,non,,d--------
,0,0,tam,tam,,d--------
,0,0,unum,unus,,m-s---ma-
,0,0,aliquem,aliquis,,p-s---ma-
,0,0,fovebant,foveo,,v3piia---
,0,0,quam,quam,,d--------
,0,0,alium,alius,2,a-s---ma_
,0,0,neque,neque,,c--------
,0,0,erat,sum,1,v3siia---
,0,0,Galbae,Galba,,n-s---md-
,0,0,ignota,ignotus,2,a-s---fn-
,0,0,Othonis,Otho,,n-s---mg-
,0,0,ac,atque,,c--------
,0,0,Titi,Titus,,n-s---mg-
,0,0,Vinii,Vinius,,n-s---mg-
,0,0,amicitia,amicitia,,n-s---fn-
,0,0,et,et,,c--------
,0,0,rumoribus,rumor,,n-p---mb-
,0,0,nihil,nihil,,n-s---n_-
,0,0,silentio,silentium,,n-s---nb-
,0,0,transmittentium,transmitto,,v-ppp-mg-
,0,0,quia,quia,,c--------
,0,0,Vinio,Vinius,,n-s---md-
,0,0,vidua,viduus,,a-s---fn-
,0,0,filia,filia,,n-s---fn-
,0,0,caelebs,caelebs,,a-s---mn_
,0,0,Otho,Otho,,n-s---mn-
,0,0,gener,gener,,n-s---mn-
,0,0,ac,atque,,c--------
,0,0,socer,socer,,n-s---mn-
,0,0,destinabantur,destino,,v3piip---
,0,0,credo,credo,,v1spia---
,0,0,et,et,,c--------
,0,0,rei,res,,n-s---fg-
,0,0,publicae,publicus,,a-s---fg-
,0,0,curam,cura,,n-s---fa-
,0,0,subisse,subeo,,v--rna---
,0,0,frustra,frustra,,d--------
,0,0,a,ab,,r--------
,0,0,Nerone,Nero,,n-s---mb-
,0,0,translatae,transfero,,v-srppfg-
,0,0,si,si,,c--------
,0,0,apud,apud,,r--------
,0,0,Othonem,Otho,,n-s---ma-
,0,0,relinqueretur,relinquo,,v3sisp---
,0,0,namque,namque,,c--------
,0,0,Otho,Otho,,n-s---mn-
,0,0,pueritiam,pueritia,,n-s---fa-
,0,0,incuriose,incuriosus,,d-------_
,0,0,adulescentiam,adulescentia,,n-s---fa-
,0,0,petulanter,petulans,,d-------_
,0,0,egerat,ago,,v3slia---
,0,0,gratus,gratus,,a-s---mn-
,0,0,Neroni,Nero,,n-s---md-
,0,0,aemulatione,aemulatio,,n-s---fb-
,0,0,luxus,luxus,3,n-s---mg-
,0,0,eo,is,,p-s---mb-
,0,0,-que,-que,,c--------
,0,0,Poppaeam,Poppaea,,n-s---fa-
,0,0,Sabinam,Sabina,,n-s---fa-
,0,0,principale,principalis,,a-s---na-
,0,0,scortum,scortum,,n-s---na-
,0,0,ut,ut,,c--------
,0,0,apud,apud,,r--------
,0,0,conscium,conscius,,a-s---ma-
,0,0,libidinum,libido,,n-p---fg-
,0,0,deposuerat,depono,,v3slia---
,0,0,donec,donec,,c--------
,0,0,Octaviam,Octavia,,n-s---fa-
,0,0,uxorem,uxor,,n-s---fa-
,0,0,amoliretur,amolior,,v3sisd---
,0,0,mox,mox,,d--------
,0,0,suspectum,suspicio,1,v-srppma-
,0,0,in,in,,r--------
,0,0,eadem,idem,,p-s---fb-
,0,0,Poppaea,Poppaea,,n-s---fb-
,0,0,in,in,,r--------
,0,0,provinciam,provincia,,n-s---fa-
,0,0,Lusitaniam,Lusitania,,n-s---fa-
,0,0,specie,species,,n-s---fb-
,0,0,legationis,legatio,,n-s---fg-
,0,0,seposuit,sepono,,v3sria---
,0,0,Otho,Otho,,n-s---mn-
,0,0,comiter,comis,,d-------_
,0,0,administrata,administro,,v-srppfb-
,0,0,provincia,provincia,,n-s---fb-
,0,0,primus,primus,,m-s---mn-
,0,0,in,in,,r--------
,0,0,partis,pars,,n-p---fa-
,0,0,transgressus,transgredior,,v-srpdmn_
,0,0,nec,neque,,c--------
,0,0,segnis,segnis,,a-s---mn-
,0,0,et,et,,c--------
,0,0,donec,donec,,c--------
,0,0,bellum,bellum,,n-s---nn-
,0,0,fuit,sum,1,v3sria---
,0,0,inter,inter,,r--------
,0,0,praesentis,praesum,,v-pppama_
,0,0,splendidissimus,splendidus,,a-s---mns
,0,0,spem,spes,,n-s---fa-
,0,0,adoptionis,adoptio,,n-s---fg-
,0,0,statim,statim,,d--------
,0,0,conceptam,concipio,,v-srppfa-
,0,0,acrius,acer,2,d-------c
,0,0,in,in,,r--------
,0,0,dies,dies,,n-p---ma-
,0,0,rapiebat,rapio,,v3siia---
,0,0,faventibus,faveo,,v-ppp-mb-
,0,0,plerisque,plerusque,,a-p---mb_
,0,0,militum,miles,,n-p---mg-
,0,0,prona,pronus,,a-s---fb-
,0,0,in,in,,r--------
,0,0,eum,is,,p-s---ma-
,0,0,aula,aula,1,n-s---fb-
,0,0,Neronis,Nero,,n-s---mg-
,0,0,ut,ut,,c--------
,0,0,similem,similis,,a-s---ma-
,0,0,Sed,sed,1,c--------
,0,0,Galba,Galba,,n-s---mn-
,0,0,post,post,,r--------
,0,0,nuntios,nuntius,,a-p---ma-
,0,0,Germanicae,Germanicus,,a-s---fg_
,0,0,seditionis,seditio,,n-s---fg-
,0,0,quamquam,quamquam,,c--------
,0,0,nihil,nihil,,n-s---n_-
,0,0,adhuc,adhuc,,d--------
,0,0,de,de,,r--------
,0,0,Vitellio,Vitellius,,n-s---mb-
,0,0,certum,certus,,a-s---nn-
,0,0,anxius,anxius,,a-s---mn-
,0,0,quonam,quonam,,d--------
,0,0,exercituum,exercitus,2,n-p---mg-
,0,0,vis,vis,,n-s---fn-
,0,0,erumperet,erumpo,,v3sisa---
,0,0,ne,ne,1,d--------
,0,0,urbano,urbanus,,a-s---md-
,0,0,quidem,quidem,,d--------
,0,0,militi,miles,,n-s---md-
,0,0,confisus,confido,,v-srppmn-
,0,0,quod,quod,1,c--------
,0,0,remedium,remedium,,n-s---na-
,0,0,unicum,unicus,,a-s---na-
,0,0,rebatur,reor,,v3siid---
,0,0,comitia,comitium,,n-p---na-
,0,0,imperii,imperium,,n-s---ng-
,0,0,transigit,transigo,,v3spia---
,0,0,adhibito,adhibeo,,v-srppmb-
,0,0,-que,-que,,c--------
,0,0,super,super,2,r--------
,0,0,Vinium,Vinius,,n-s---ma-
,0,0,ac,atque,,c--------
,0,0,Laconem,Laco,,n-s---ma-
,0,0,Mario,Marius,,n-s---mb-
,0,0,Celso,Celsus,2,n-s---mb-
,0,0,consule,consul,,n-s---mb-
,0,0,designato,designo,,v-srppmb-
,0,0,ac,atque,,c--------
,0,0,Ducenio,Ducenius,,n-s---mb-
,0,0,Gemino,Geminus,,n-s---mb-
,0,0,praefecto,praeficio,,v-srppmb-
,0,0,urbis,urbs,,n-s---fg-
,0,0,pauca,paucus,,a-p---na-
,0,0,praefatus,praefor,,v-srpdmn_
,0,0,de,de,,r--------
,0,0,sua,suus,,p-s---fb-
,0,0,senectute,senectus,2,n-s---fb-
,0,0,Pisonem,Piso,3,n-s---ma-
,0,0,Licinianum,Licinianus,,n-s---ma-
,0,0,accersiri,arcesso,,v--pnp---
,0,0,iubet,jubeo,,v3spia---
,0,0,seu,sive,,c--------
,0,0,propria,proprius,,a-s---fb-
,0,0,electione,electio,,n-s---fb-
,0,0,sive,sive,,c--------
,0,0,ut,ut,,c--------
,0,0,quidam,quidam,,p-p---mn-
,0,0,crediderunt,credo,,v3pria---
,0,0,Lacone,Laco,,n-s---mb-
,0,0,instante,insto,,v-spp-mb-
,0,0,cui,qui,1,p-s---md-
,0,0,apud,apud,,r--------
,0,0,Rubellium,Rubellius,,n-s---ma-
,0,0,Plautum,Plautus,2,n-s---ma-
,0,0,exercita,exerceo,,v-srppfn-
,0,0,cum,cum,,r--------
,0,0,Pisone,Piso,3,n-s---mb-
,0,0,amicitia,amicitia,,n-s---fn-
,0,0,sed,sed,1,c--------
,0,0,callide,callidus,,d-------_
,0,0,ut,ut,,c--------
,0,0,ignotum,ignosco,,v-srppma-
,0,0,fovebat,foveo,,v3siia---
,0,0,et,et,,c--------
,0,0,prospera,prosper,,a-s---fn-
,0,0,de,de,,r--------
,0,0,Pisone,Piso,3,n-s---mb-
,0,0,fama,fama,,n-s---fn-
,0,0,consilio,consilium,,n-s---nd-
,0,0,eius,is,,p-s---mg-
,0,0,fidem,fides,1,n-s---fa-
,0,0,addiderat,addo,,v3slia---
,0,0,Piso,Piso,3,n-s---mn-
,0,0,M.,Marcus,,n-s---mb-
,0,0,Crasso,Crassus,2,n-s---mb-
,0,0,et,et,,c--------
,0,0,Scribonia,Scribonia,,n-s---fb-
,0,0,genitus,gigno,,v-srppmn-
,0,0,nobilis,nobilis,,a-s---mn-
,0,0,utrimque,utrimque,,d--------
,0,0,vultu,vultus,,n-s---mb-
,0,0,habitu,habitus,2,n-s---mb-
,0,0,-que,-que,,c--------
,0,0,moris,mos,,n-s---mg-
,0,0,antiqui,antiquus,,a-s---mg-
,0,0,et,et,,c--------
,0,0,aestimatione,aestimatio,,n-s---fb-
,0,0,recta,rego,,v-srppfb-
,0,0,severus,severus,1,a-s---mn-
,0,0,deterius,deterior,,d-------c
,0,0,interpretantibus,interpretor,,v-ppp-mb-
,0,0,tristior,tristis,,a-s---mnc
,0,0,habebatur,habeo,,v3siip---
,0,0,ea,is,,p-s---fn-
,0,0,pars,pars,,n-s---fn-
,0,0,morum,mos,,n-p---mg-
,0,0,eius,is,,p-s---mg-
,0,0,quo,quo,,d--------
,0,0,suspectior,suspicio,1,v-srppmnc
,0,0,sollicitis,sollicitus,,a-p---md-
,0,0,adoptanti,adopto,,v-spp-md-
,0,0,placebat,placeo,,v3siia---
,0,0,Igitur,igitur,,c--------
,0,0,Galba,Galba,,n-s---mn-
,0,0,adprehensa,apprehendo,,v-srppfb_
,0,0,Pisonis,Piso,3,n-s---mg-
,0,0,manu,manus,1,n-s---fb-
,0,0,in,in,,r--------
,0,0,hunc,hic,,p-s---ma-
,0,0,modum,modus,,n-s---ma-
,0,0,locutus,loquor,,v-srpdmn_
,0,0,fertur,fero,,v3spip---
,0,0,si,si,,c--------
,0,0,te,tu,,p-s---ma-
,0,0,privatus,privo,,v-srppmn-
,0,0,lege,lex,,n-s---fb-
,0,0,curiata,curiatus,,a-s---fb-
,0,0,apud,apud,,r--------
,0,0,pontifices,pontifex,,n-p---ma-
,0,0,ut,ut,,c--------
,0,0,moris,mos,,n-s---mg-
,0,0,est,sum,1,v3spia---
,0,0,adoptarem,adopto,,v1sisa---
,0,0,et,et,,c--------
,0,0,mihi,ego,,p-s---md-
,0,0,egregium,egregius,,a-s---nn-
,0,0,erat,sum,1,v3siia---
,0,0,Cn.,Gnaeus,,n-s---mg-
,0,0,Pompei,Pompejus,,n-s---mg-
,0,0,et,et,,c--------
,0,0,M.,Marcus,,n-s---mg-
,0,0,Crassi,Crassus,2,n-s---mg-
,0,0,subolem,suboles,,n-s---fa-
,0,0,in,in,,r--------
,0,0,penatis,Penates,,n-p---ma-
,0,0,meos,meus,,p-p---ma-
,0,0,adsciscere,ascisco,,v--pna---
,0,0,et,et,,c--------
,0,0,tibi,tu,,p-s---md-
,0,0,insigne,insignis,,a-s---nn-
,0,0,Sulpiciae,Sulpicia,,n-s---fg-
,0,0,ac,atque,,c--------
,0,0,Lutatiae,Lutatia,,n-s---fg-
,0,0,decora,decus,1,n-p---na-
,0,0,nobilitati,nobilitas,,n-s---fd-
,0,0,tuae,tuus,,p-s---fd-
,0,0,adiecisse,adjicio,,v--rna---
,0,0,nunc,nunc,,d--------
,0,0,me,ego,,p-s---ma-
,0,0,deorum,deus,,n-p---mg-
,0,0,hominum,homo,,n-p---mg-
,0,0,-que,-que,,c--------
,0,0,consensu,consensus,2,n-s---mb-
,0,0,ad,ad,,r--------
,0,0,imperium,imperium,,n-s---na-
,0,0,vocatum,voco,,v-srppma-
,0,0,praeclara,praeclarus,,a-s---fn-
,0,0,indoles,indoles,,n-s---fn-
,0,0,tua,tuus,,p-s---fn-
,0,0,et,et,,c--------
,0,0,amor,amor,,n-s---mn-
,0,0,patriae,patria,,n-s---fg-
,0,0,impulit,impello,,v3sria---
,0,0,ut,ut,,c--------
,0,0,principatum,principatus,,n-s---ma-
,0,0,de,de,,r--------
,0,0,quo,qui,1,p-s---mb-
,0,0,maiores,magnus,1,a-p---mnc
,0,0,nostri,noster,,p-p---mn-
,0,0,armis,arma,,n-p---nb-
,0,0,certabant,certo,2,v3piia---
,0,0,bello,bellum,,n-s---nb-
,0,0,adeptus,adipiscor,,v-srpdmn_
,0,0,quiescenti,quiesco,,v-spp-nb-
,0,0,offeram,offero,,v1spsa---
,0,0,exemplo,exemplum,,n-s---nb-
,0,0,divi,divus,,a-s---mg-
,0,0,Augusti,Augustus,2,n-s---mg-
,0,0,qui,qui,1,p-s---mn-
,0,0,sororis,soror,,n-s---fg-
,0,0,filium,filius,,n-s---ma-
,0,0,Marcellum,Marcellus,,n-s---ma-
,0,0,dein,deinde,,d--------
,0,0,generum,gener,,n-s---ma-
,0,0,Agrippam,Agrippa,,n-s---ma-
,0,0,mox,mox,,d--------
,0,0,nepotes,nepos,1,n-p---ma-
,0,0,suos,suus,,p-p---ma-
,0,0,postremo,posterus,,d-------s
,0,0,Tiberium,Tiberius,,n-s---ma-
,0,0,Neronem,Nero,,n-s---ma-
,0,0,privignum,privignus,,n-s---ma-
,0,0,in,in,,r--------
,0,0,proximo,propior,,a-s---nbs
,0,0,sibi,sui,,p-s---md-
,0,0,fastigio,fastigium,,n-s---nb-
,0,0,conlocavit,colloco,,v3sria---
,0,0,sed,sed,1,c--------
,0,0,Augustus,Augustus,2,n-s---mn-
,0,0,in,in,,r--------
,0,0,domo,domus,,n-s---fb-
,0,0,successorem,successor,,n-s---ma-
,0,0,quaesivit,quaero,,v3sria---
,0,0,ego,ego,,p-s---mn-
,0,0,in,in,,r--------
,0,0,re,res,,n-s---fb-
,0,0,publica,publicus,,a-s---fb-
,0,0,non,non,,d--------
,0,0,quia,quia,,c--------
,0,0,propinquos,propinquus,,a-p---ma-
,0,0,aut,aut,,c--------
,0,0,socios,socius,,a-p---ma-
,0,0,belli,bellum,,n-s---ng-
,0,0,non,non,,d--------
,0,0,habeam,habeo,,v1spsa---
,0,0,sed,sed,1,c--------
,0,0,neque,neque,,c--------
,0,0,ipse,ipse,,p-s---mn-
,0,0,imperium,imperium,,n-s---na-
,0,0,ambitione,ambitio,,n-s---fb-
,0,0,accepi,accipio,,v1sria---
,0,0,et,et,,c--------
,0,0,iudicii,judicium,,n-s---ng-
,0,0,mei,meus,,p-s---ng-
,0,0,documentum,documentum,,n-s---nn-
,0,0,sit,sum,1,v3spsa---
,0,0,non,non,,d--------
,0,0,meae,meus,,p-p---fn-
,0,0,tantum,tantus,,d-------_
,0,0,necessitudines,necessitudo,,n-p---fn-
,0,0,quas,qui,1,p-p---fa-
,0,0,tibi,tu,,p-s---md-
,0,0,postposui,postpono,,v1sria---
,0,0,sed,sed,1,c--------
,0,0,et,et,,c--------
,0,0,tuae,tuus,,p-p---fn-
,0,0,est,sum,1,v3spia---
,0,0,tibi,tu,,p-s---md-
,0,0,frater,frater,,n-s---mn-
,0,0,pari,par,,a-s---fb_
,0,0,nobilitate,nobilitas,,n-s---fb-
,0,0,natu,natus,2,n-s---mb-
,0,0,maior,magnus,1,a-s---mnc
,0,0,dignus,dignus,,a-s---mn-
,0,0,hac,hic,,p-s---fb-
,0,0,fortuna,fortuna,,n-s---fb-
,0,0,nisi,nisi,,c--------
,0,0,tu,tu,,p-s---mn-
,0,0,potior,potis,,a-s---mnc
,0,0,esses,sum,1,v2sisa---
,0,0,ea,is,,p-s---fn-
,0,0,aetas,aetas,,n-s---fn-
,0,0,tua,tuus,,p-s---fn-
,0,0,quae,qui,1,p-s---fn-
,0,0,cupiditates,cupiditas,,n-p---fa-
,0,0,adulescentiae,adulescentia,,n-s---fg-
,0,0,iam,jam,,d--------
,0,0,effugerit,effugio,,v3srsa---
,0,0,ea,is,,p-s---fn-
,0,0,vita,vita,,n-s---fn-
,0,0,in,in,,r--------
,0,0,qua,qui,1,p-s---fb-
,0,0,nihil,nihil,,n-s---n_-
,0,0,praeteritum,praetereo,,v-srppna-
,0,0,excusandum,excuso,,v-s-g-na-
,0,0,habeas,habeo,,v2spsa---
,0,0,fortunam,fortuna,,n-s---fa-
,0,0,adhuc,adhuc,,d--------
,0,0,tantum,tantus,,d-------_
,0,0,adversam,adverto,,v-srppfa-
,0,0,tulisti,fero,,v2sria---
,0,0,secundae,secundus,1,a-p---fn-
,0,0,res,res,,n-p---fn-
,0,0,acrioribus,acer,2,a-p---mbc
,0,0,stimulis,stimulus,,n-p---mb-
,0,0,animos,animus,,n-p---ma-
,0,0,explorant,exploro,,v3ppia---
,0,0,quia,quia,,c--------
,0,0,miseriae,miseria,,n-p---fn-
,0,0,tolerantur,tolero,,v3ppip---
,0,0,felicitate,felicitas,1,n-s---fb-
,0,0,corrumpimur,corrumpo,,v1ppip---
,0,0,fidem,fides,1,n-s---fa-
,0,0,libertatem,libertas,,n-s---fa-
,0,0,amicitiam,amicitia,,n-s---fa-
,0,0,praecipua,praecipuus,,a-p---na-
,0,0,humani,humanus,,a-s---mg-
,0,0,animi,animus,,n-s---mg-
,0,0,bona,bonus,,a-p---na-
,0,0,tu,tu,,p-s---mn-
,0,0,quidem,quidem,,d--------
,0,0,eadem,idem,,p-s---fb-
,0,0,constantia,constantia,1,n-s---fb-
,0,0,retinebis,retineo,,v2sfia---
,0,0,sed,sed,1,c--------
,0,0,alii,alius,2,a-p---mn_
,0,0,per,per,,r--------
,0,0,obsequium,obsequium,,n-s---na-
,0,0,imminuent,imminuo,,v3pfia---
,0,0,inrumpet,irrumpo,,v3sfia---
,0,0,adulatio,adulatio,,n-s---fn-
,0,0,blanditiae,blanditia,,n-p---fn-
,0,0,et,et,,c--------
,0,0,pessimum,malus,1,a-s---nns
,0,0,veri,verus,,a-s---mg-
,0,0,adfectus,affectus,2,n-s---mg-
,0,0,venenum,venenum,,n-s---nn-
,0,0,sua,suus,,p-s---fn-
,0,0,cuique,quisque,,p-s---md-
,0,0,utilitas,utilitas,,n-s---fn-
,0,0,etiam,etiam,,c--------
,0,0,si,si,,c--------
,0,0,ego,ego,,p-s---mn-
,0,0,ac,atque,,c--------
,0,0,tu,tu,,p-s---mn-
,0,0,simplicissime,simplex,,d-------s
,0,0,inter,inter,,r--------
,0,0,nos,nos,,p-p---ma-
,0,0,hodie,hodie,,d--------
,0,0,loquimur,loquor,,v1ppid---
,0,0,ceteri,ceterus,,a-p---mn-
,0,0,libentius,libet,,d-------c
,0,0,cum,cum,,r--------
,0,0,fortuna,fortuna,,n-s---fb-
,0,0,nostra,noster,,p-s---fb-
,0,0,quam,quam,,d--------
,0,0,nobiscum,nos,,p-p---mb-
,0,0,nam,nam,,c--------
,0,0,suadere,suadeo,,v--pna---
,0,0,principi,princeps,,a-s---md_
,0,0,quod,qui,1,p-s---nn-
,0,0,oporteat,oportet,,v3spsa---
,0,0,multi,multus,,a-s---mg-
,0,0,laboris,labor,2,n-s---mg-
,0,0,adsentatio,assentatio,,n-s---fn-
,0,0,erga,erga,,r--------
,0,0,quemcumque,quicumque,,p-s---ma-
,0,0,principem,princeps,1,a-s---ma_
,0,0,sine,sine,,r--------
,0,0,adfectu,affectus,2,n-s---mb-
,0,0,peragitur,perago,,v3spip---
,0,0,Si,si,,c--------
,0,0,immensum,immensus,,a-s---nn-
,0,0,imperii,imperium,,n-s---ng-
,0,0,corpus,corpus,,n-s---nn-
,0,0,stare,sto,,v--pna---
,0,0,ac,atque,,c--------
,0,0,librari,libro,,v--pnp---
,0,0,sine,sine,,r--------
,0,0,rectore,rector,,n-s---mb-
,0,0,posset,possum,,v3sisa---
,0,0,dignus,dignus,,a-s---mn-
,0,0,eram,sum,1,v1siia---
,0,0,a,ab,,r--------
,0,0,quo,qui,1,p-s---mb-
,0,0,res,res,,n-s---fn-
,0,0,publica,publicus,,a-s---fn-
,0,0,inciperet,incipio,,v3sisa---
,0,0,nunc,nunc,,d--------
,0,0,eo,eo,2,d--------
,0,0,necessitatis,necessitas,,n-s---fg-
,0,0,iam,jam,,d--------
,0,0,pridem,pridem,,d--------
,0,0,ventum,venio,,v-srppnn-
,0,0,est,sum,1,v3spia---
,0,0,ut,ut,,c--------
,0,0,nec,neque,,c--------
,0,0,mea,meus,,p-s---fn-
,0,0,senectus,senectus,2,n-s---fn-
,0,0,conferre,confero,,v--pna---
,0,0,plus,multus,,d-------c
,0,0,populo,populus,1,n-s---md-
,0,0,Romano,Romanus,,a-s---md_
,0,0,possit,possum,,v3spsa---
,0,0,quam,quam,,d--------
,0,0,bonum,bonus,,a-s---ma-
,0,0,successorem,successor,,n-s---ma-
,0,0,nec,neque,,c--------
,0,0,tua,tuus,,p-s---fn-
,0,0,plus,multus,,d-------c
,0,0,iuventa,juventa,,n-s---fn-
,0,0,quam,quam,,d--------
,0,0,bonum,bonus,,a-s---ma-
,0,0,principem,princeps,1,a-s---ma_
,0,0,sub,sub,,r--------
,0,0,Tiberio,Tiberius,,n-s---mb-
,0,0,et,et,,c--------
,0,0,Gaio,Gaius,,n-s---mb-
,0,0,et,et,,c--------
,0,0,Claudio,Claudius,,n-s---mb-
,0,0,unius,unus,,m-s---fg-
,0,0,familiae,familia,,n-s---fg-
,0,0,quasi,quasi,,d--------
,0,0,hereditas,hereditas,,n-s---fn-
,0,0,fuimus,sum,1,v1pria---
,0,0,loco,locus,,n-s---mb-
,0,0,libertatis,libertas,,n-s---fg-
,0,0,erit,sum,1,v3sfia---
,0,0,quod,quod,1,c--------
,0,0,eligi,eligo,,v--pnp---
,0,0,coepimus,coepio,,v1pria---
,0,0,et,et,,c--------
,0,0,finita,finio,,v-srppfb-
,0,0,Iuliorum,Julius,,n-p---mg-
,0,0,Claudiorum,Claudius,,n-p---mg-
,0,0,-que,-que,,c--------
,0,0,domo,domus,,n-s---fb-
,0,0,optimum,bonus,,a-s---mas
,0,0,quemque,quisque,,p-s---ma-
,0,0,adoptio,adoptio,,n-s---fn-
,0,0,inveniet,invenio,,v3sfia---
,0,0,nam,nam,,c--------
,0,0,generari,genero,,v--pnp---
,0,0,et,et,,c--------
,0,0,nasci,nascor,,v--pnd---
,0,0,a,ab,,r--------
,0,0,principibus,princeps,,a-p---mb_
,0,0,fortuitum,fortuitus,,a-s---nn-
,0,0,nec,neque,,c--------
,0,0,ultra,ultra,,d--------
,0,0,aestimatur,aestimo,,v3spip---
,0,0,adoptandi,adopto,,v___d_-g-
,0,0,iudicium,judicium,,n-s---nn-
,0,0,integrum,integer,,a-s---nn-
,0,0,et,et,,c--------
,0,0,si,si,,c--------
,0,0,velis,volo,1,v2spsa---
,0,0,eligere,eligo,,v--pna---
,0,0,consensu,consensus,2,n-s---mb-
,0,0,monstratur,monstro,,v3spip---
,0,0,sit,sum,1,v3spsa---
,0,0,ante,ante,,r--------
,0,0,oculos,oculus,,n-p---ma-
,0,0,Nero,Nero,,n-s---mn-
,0,0,quem,qui,1,p-s---ma-
,0,0,longa,longus,,a-s---fb-
,0,0,Caesarum,Caesar,,n-p---mg-
,0,0,serie,series,,n-s---fb-
,0,0,tumentem,tumeo,,v-spp-ma-
,0,0,non,non,,d--------
,0,0,Vindex,Vindex,,n-s---mn-
,0,0,cum,cum,,r--------
,0,0,inermi,inermis,,a-s---fb-
,0,0,provincia,provincia,,n-s---fb-
,0,0,aut,aut,,c--------
,0,0,ego,ego,,p-s---mn-
,0,0,cum,cum,,r--------
,0,0,una,unus,,m-s---fb-
,0,0,legione,legio,,n-s---fb-
,0,0,sed,sed,1,c--------
,0,0,sua,suus,,p-s---fn-
,0,0,immanitas,immanitas,,n-s---fn-
,0,0,sua,suus,,p-s---fn-
,0,0,luxuria,luxuria,,n-s---fn-
,0,0,cervicibus,cervix,,n-p---fb-
,0,0,publicis,publicus,,a-p---fb-
,0,0,depulerunt,depello,,v3pria---
,0,0,neque,neque,,c--------
,0,0,erat,sum,1,v3siia---
,0,0,adhuc,adhuc,,d--------
,0,0,damnati,damno,,v-srppmg-
,0,0,principis,princeps,,a-s---mg_
,0,0,exemplum,exemplum,,n-s---nn-
,0,0,nos,nos,,p-p---mn-
,0,0,bello,bellum,,n-s---nb-
,0,0,et,et,,c--------
,0,0,ab,ab,,r--------
,0,0,aestimantibus,aestimo,,v-ppp-mb-
,0,0,adsciti,ascio,,v-prppmn_
,0,0,cum,cum,,r--------
,0,0,invidia,invidia,,n-s---fb-
,0,0,quamvis,quamvis,,d--------
,0,0,egregii,egregius,,a-p---mn-
,0,0,erimus,sum,1,v1pfia---
,0,0,ne,ne,1,d--------
,0,0,tamen,tamen,,d--------
,0,0,territus,terreo,,v-srppmn-
,0,0,fueris,sum,1,v2srsa---
,0,0,si,si,,c--------
,0,0,duae,duo,,m-p---fn-
,0,0,legiones,legio,,n-p---fn-
,0,0,in,in,,r--------
,0,0,hoc,hic,,p-s---mb-
,0,0,concussi,concutio,,v-srppmg-
,0,0,orbis,orbis,,n-s---mg-
,0,0,motu,motus,2,n-s---mb-
,0,0,nondum,nondum,,c--------
,0,0,quiescunt,quiesco,,v3ppia---
,0,0,ne,ne,1,d--------
,0,0,ipse,ipse,,p-s---mn-
,0,0,quidem,quidem,,d--------
,0,0,ad,ad,,r--------
,0,0,securas,securus,,a-p---fa-
,0,0,res,res,,n-p---fa-
,0,0,accessi,accedo,,v1sria---
,0,0,et,et,,c--------
,0,0,audita,audio,,v-srppfb-
,0,0,adoptione,adoptio,,n-s---fb-
,0,0,desinam,desino,,v1sfia---
,0,0,videri,video,,v--pnp---
,0,0,senex,senex,,a-s---mn_
,0,0,quod,qui,1,p-s---nn-
,0,0,nunc,nunc,,d--------
,0,0,mihi,ego,,p-s---md-
,0,0,unum,unus,,m-s---nn-
,0,0,obicitur,obicio,,v3spip---
,0,0,Nero,Nero,,n-s---mn-
,0,0,a,ab,,r--------
,0,0,pessimo,malus,1,a-s---mbs
,0,0,quoque,quisque,,p-s---mb-
,0,0,semper,semper,,d--------
,0,0,desiderabitur,desidero,,v3sfip---
,0,0,mihi,ego,,p-s---md-
,0,0,ac,atque,,c--------
,0,0,tibi,tu,,p-s---md-
,0,0,providendum,provideo,,v-s-g-nn-
,0,0,est,edo,1,v3spia---
,0,0,ne,ne,1,d--------
,0,0,etiam,etiam,,c--------
,0,0,a,ab,,r--------
,0,0,bonis,bonus,,a-p---mb-
,0,0,desideretur,desidero,,v3spsp---
,0,0,monere,moneo,,v--pna---
,0,0,diutius,diu,,d-------c
,0,0,neque,neque,,c--------
,0,0,temporis,tempus,,n-s---ng-
,0,0,huius,hic,,p-s---ng-
,0,0,et,et,,c--------
,0,0,impletum,impleo,,v-srppnn-
,0,0,est,sum,1,v3spia---
,0,0,omne,omnis,,a-s---nn-
,0,0,consilium,consilium,,n-s---nn-
,0,0,si,si,,c--------
,0,0,te,tu,,p-s---ma-
,0,0,bene,bene,,d--------
,0,0,elegi,eligo,,v1sria---
,0,0,utilissimus,utilis,,a-s---mns
,0,0,idem,idem,,p-s---mn-
,0,0,ac,atque,,c--------
,0,0,brevissimus,brevis,,a-s---mns
,0,0,bonarum,bonus,,a-p---fg-
,0,0,malarum,malus,1,a-p---fg-
,0,0,-que,-que,,c--------
,0,0,rerum,res,,n-p---fg-
,0,0,dilectus,delectus,2,n-s---mn-
,0,0,est,sum,1,v3spia---
,0,0,cogitare,cogito,,v--pna---
,0,0,quid,quis,1,p-s---na-
,0,0,aut,aut,,c--------
,0,0,volueris,volo,1,v2srsa---
,0,0,sub,sub,,r--------
,0,0,alio,alius,2,a-s---mb_
,0,0,principe,princeps,,a-s---mb_
,0,0,aut,aut,,c--------
,0,0,nolueris,nolo,,v2srsa---
,0,0,neque,neque,,c--------
,0,0,enim,enim,,c--------
,0,0,hic,hic,,d-------_
,0,0,ut,ut,,c--------
,0,0,gentibus,gens,,n-p---fd-
,0,0,quae,qui,1,p-p---fn-
,0,0,regnantur,regno,,v3ppip---
,0,0,certa,certus,,a-s---fn-
,0,0,dominorum,dominus,,n-p---mg-
,0,0,domus,domus,,n-s---fn-
,0,0,et,et,,c--------
,0,0,ceteri,ceter,,a-p---mn-
,0,0,servi,servus,2,n-p---mn-
,0,0,sed,sed,1,c--------
,0,0,imperaturus,impero,,v-sfpamn-
,0,0,es,sum,1,v2spia---
,0,0,hominibus,homo,,n-p---md-
,0,0,qui,qui,1,p-p---mn-
,0,0,nec,neque,,c--------
,0,0,totam,totus,1,a-s---fa-
,0,0,servitutem,servitus,,n-s---fa-
,0,0,pati,patior,,v--pnd---
,0,0,possunt,possum,,v3ppia---
,0,0,nec,neque,,c--------
,0,0,totam,totus,1,a-s---fa-
,0,0,libertatem,libertas,,n-s---fa-
,0,0,et,et,,c--------
,0,0,Galba,Galba,,n-s---mn-
,0,0,quidem,quidem,,d--------
,0,0,haec,hic,,p-p---na-
,0,0,ac,atque,,c--------
,0,0,talia,talis,,a-p---na-
,0,0,tamquam,tamquam,,d--------
,0,0,principem,princeps,1,a-s---ma_
,0,0,faceret,facio,,v3sisa---
,0,0,ceteri,ceterus,,a-p---mn-
,0,0,tamquam,tamquam,,d--------
,0,0,cum,cum,,r--------
,0,0,facto,facio,,v-srppmb-
,0,0,loquebantur,loquor,,v3piid---
,0,0,Pisonem,Piso,3,n-s---ma-
,0,0,ferunt,fero,,v3ppia---
,0,0,statim,statim,,d--------
,0,0,intuentibus,intueor,,v-ppp-md-
,0,0,et,et,,c--------
,0,0,mox,mox,,d--------
,0,0,coniectis,conicio,,v-prppmb-
,0,0,in,in,,r--------
,0,0,eum,is,,p-s---ma-
,0,0,omnium,omnis,,a-p---mg-
,0,0,oculis,oculus,,n-p---mb-
,0,0,nullum,nullus,,a-s---ma-
,0,0,turbati,turbo,1,v-srppmg-
,0,0,aut,aut,,c--------
,0,0,exultantis,exsulto,,v-sppamg_
,0,0,animi,animus,,n-s---mg-
,0,0,motum,motus,2,n-s---ma-
,0,0,prodidisse,prodo,,v--rna---
,0,0,sermo,sermo,,n-s---mn-
,0,0,erga,erga,,r--------
,0,0,patrem,pater,,n-s---ma-
,0,0,imperatorem,imperator,,n-s---ma-
,0,0,-que,-que,,c--------
,0,0,reverens,revereor,,v-spp-mn-
,0,0,de,de,,r--------
,0,0,se,sui,,p-s---mb-
,0,0,moderatus,moderor,,v-srpdmn_
,0,0,nihil,nihil,,n-s---n_-
,0,0,in,in,,r--------
,0,0,vultu,vultus,,n-s---mb-
,0,0,habitu,habitus,2,n-s---mb-
,0,0,-que,-que,,c--------
,0,0,mutatum,muto,1,v-srppnn-
,0,0,quasi,quasi,,d--------
,0,0,imperare,impero,,v--pna---
,0,0,posset,possum,,v3sisa---
,0,0,magis,magnus,1,d-------c
,0,0,quam,quam,,d--------
,0,0,vellet,volo,1,v3sisa---
,0,0,consultatum,consulto,2,v-srppnn-
,0,0,inde,inde,,d--------
,0,0,pro,pro,1,r--------
,0,0,rostris,rostrum,,n-p---nb-
,0,0,an,an,1,c--------
,0,0,in,in,,r--------
,0,0,senatu,senatus,,n-s---mb-
,0,0,an,an,1,c--------
,0,0,in,in,,r--------
,0,0,castris,castrum,,n-p---nb-
,0,0,adoptio,adoptio,,n-s---fn-
,0,0,nuncuparetur,nuncupo,,v3sisp---
,0,0,iri,eo,1,v--pnp---
,0,0,in,in,,r--------
,0,0,castra,castrum,,n-p---na-
,0,0,placuit,placeo,,v3sria---
,0,0,honorificum,honorificus,,a-s---na-
,0,0,id,is,,p-s---na-
,0,0,militibus,miles,,n-p---md-
,0,0,fore,sum,1,v--fna---
,0,0,quorum,qui,1,p-p---mg-
,0,0,favorem,favor,,n-s---ma-
,0,0,ut,ut,,c--------
,0,0,largitione,largitio,,n-s---fb-
,0,0,et,et,,c--------
,0,0,ambitu,ambitus,2,n-s---mb-
,0,0,male,malus,1,d-------_
,0,0,adquiri,acquiro,,v--pnp---
,0,0,ita,ita,,d--------
,0,0,per,per,,r--------
,0,0,bonas,bonus,,a-p---fa-
,0,0,artis,ars,,n-p---fa-
,0,0,haud,haud,,d--------
,0,0,spernendum,sperno,,v-s-g-nn-
,0,0,circumsteterat,circumsto,,v3slia---
,0,0,interim,interim,,d--------
,0,0,Palatium,Palatium,,n-s---na-
,0,0,publica,publicus,,a-s---fn-
,0,0,expectatio,exspectatio,,n-s---fn-
,0,0,magni,magnus,1,a-s---ng-
,0,0,secreti,secerno,,v-srppng-
,0,0,impatiens,impatiens,,a-s---fn-
,0,0,et,et,,c--------
,0,0,male,malus,1,d-------_
,0,0,coercitam,coerceo,,v-srppfa-
,0,0,famam,fama,,n-s---fa-
,0,0,supprimentes,supprimo,,v-ppp-mn-
,0,0,augebant,augeo,,v3piia---
,0,0,Quartum,quartus,,m-s---ma-
,0,0,idus,idus,,n-p---fa-
,0,0,Ianuarias,Januarius,,a-p---fa_
,0,0,foedum,foedus,1,a-s---ma-
,0,0,imbribus,imber,,n-p---mb-
,0,0,diem,dies,,n-s---ma-
,0,0,tonitrua,tonitruum,,n-p---nn-
,0,0,et,et,,c--------
,0,0,fulgura,fulgur,,n-p---nn-
,0,0,et,et,,c--------
,0,0,caelestes,caelestis,,a-p---fn-
,0,0,minae,minae,,n-p---fn-
,0,0,ultra,ultra,,r--------
,0,0,solitum,soleo,,v-srppna-
,0,0,turbaverunt,turbo,1,v3pria---
,0,0,observatum,observo,,v-srppnn-
,0,0,id,is,,p-s---nn-
,0,0,antiquitus,antiquus,,d-------_
,0,0,comitiis,comitium,,n-p---nd-
,0,0,dirimendis,dirimo,,v-p-g-nd-
,0,0,non,non,,d--------
,0,0,terruit,terreo,,v3sria---
,0,0,Galbam,Galba,,n-s---ma-
,0,0,quo,quo,,d--------
,0,0,minus,parvus,,d-------c
,0,0,in,in,,r--------
,0,0,castra,castrum,,n-p---na-
,0,0,pergeret,pergo,,v3sisa---
,0,0,contemptorem,contemptor,,n-s---ma-
,0,0,talium,talis,,a-p---ng-
,0,0,ut,ut,,c--------
,0,0,fortuitorum,fortuitus,,a-p---ng-
,0,0,seu,sive,,c--------
,0,0,quae,qui,1,p-p---nn-
,0,0,fato,fatum,,n-s---nb-
,0,0,manent,maneo,,v3ppia---
,0,0,quamvis,quamvis,,d--------
,0,0,significata,significo,,v-prppnn-
,0,0,non,non,,d--------
,0,0,vitantur,vito,,v3ppip---
,0,0,apud,apud,,r--------
,0,0,frequentem,frequens,,a-s---fa-
,0,0,militum,miles,,n-p---mg-
,0,0,contionem,contio,,n-s---fa-
,0,0,imperatoria,imperatorius,,a-s---fb-
,0,0,brevitate,brevitas,,n-s---fb-
,0,0,adoptari,adopto,,v--pnp---
,0,0,a,ab,,r--------
,0,0,se,sui,,p-s---mb-
,0,0,Pisonem,Piso,3,n-s---ma-
,0,0,exemplo,exemplum,,n-s---nb-
,0,0,divi,divus,,a-s---mg-
,0,0,Augusti,Augustus,2,n-s---mg-
,0,0,et,et,,c--------
,0,0,more,mos,,n-s---mb-
,0,0,militari,militaris,,a-s---mb-
,0,0,quo,qui,1,p-s---mb-
,0,0,vir,vir,,n-s---mn-
,0,0,virum,vir,,n-s---ma-
,0,0,legeret,lego,2,v3sisa---
,0,0,pronuntiat,pronuntio,,v3spia---
,0,0,ac,atque,,c--------
,0,0,ne,ne,1,d--------
,0,0,dissimulata,dissimulo,,v-srppfn-
,0,0,seditio,seditio,,n-s---fn-
,0,0,in,in,,r--------
,0,0,maius,magnus,1,a-s---nac
,0,0,crederetur,credo,,v3sisp---
,0,0,ultro,ultro,,d--------
,0,0,adseverat,assevero,,v3spia---
,0,0,quartam,quartus,,m-s---fa-
,0,0,et,et,,c--------
,0,0,duoetvicensimam,duoetvicensimus,,m-s---fa-
,0,0,legiones,legio,,n-p---fa-
,0,0,paucis,paucus,,a-p---mb-
,0,0,seditionis,seditio,,n-s---fg-
,0,0,auctoribus,auctor,,n-p---mb-
,0,0,non,non,,d--------
,0,0,ultra,ultra,,r--------
,0,0,verba,verbum,,n-p---na-
,0,0,ac,atque,,c--------
,0,0,voces,vox,,n-p---fa-
,0,0,errasse,erro,1,v--rna---
,0,0,et,et,,c--------
,0,0,brevi,brevis,,a-s---nb-
,0,0,in,in,,r--------
,0,0,officio,officium,,n-s---nb-
,0,0,fore,sum,1,v--fna---
,0,0,nec,neque,,c--------
,0,0,ullum,ullus,,a-s---na-
,0,0,orationi,oratio,,n-s---fd-
,0,0,aut,aut,,c--------
,0,0,lenocinium,lenocinium,,n-s---na-
,0,0,addit,addo,,v3spia---
,0,0,aut,aut,,c--------
,0,0,pretium,pretium,,n-s---na-
,0,0,tribuni,tribunus,,n-p---mn-
,0,0,tamen,tamen,,d--------
,0,0,centuriones,centurio,2,n-p---mn-
,0,0,-que,-que,,c--------
,0,0,et,et,,c--------
,0,0,proximi,propior,,a-p---mns
,0,0,militum,miles,,n-p---mg-
,0,0,grata,gratus,,a-p---na-
,0,0,auditu,audio,,v___sp---
,0,0,respondent,respondeo,,v3ppia---
,0,0,per,per,,r--------
,0,0,ceteros,ceterus,,a-p---ma-
,0,0,maestitia,maestitia,,n-s---fn-
,0,0,ac,atque,,c--------
,0,0,silentium,silentium,,n-s---nn-
,0,0,tamquam,tamquam,,d--------
,0,0,usurpatam,usurpo,,v-srppfa-
,0,0,etiam,etiam,,c--------
,0,0,in,in,,r--------
,0,0,pace,pax,,n-s---fb-
,0,0,donativi,donativum,,n-s---ng-
,0,0,necessitatem,necessitas,,n-s---fa-
,0,0,bello,bellum,,n-s---nb-
,0,0,perdidissent,perdo,,v3plsa---
,0,0,constat,consto,,v3spia---
,0,0,potuisse,possum,,v--rna---
,0,0,conciliari,concilio,,v--pnp---
,0,0,animos,animus,,n-p---ma-
,0,0,quantulacumque,quantuluscumque,,a-s---fb_
,0,0,parci,parcus,,a-s---mg-
,0,0,senis,senex,,a-s---mg_
,0,0,liberalitate,liberalitas,,n-s---fb-
,0,0,nocuit,noceo,,v3sria---
,0,0,antiquus,antiquus,,a-s---mn-
,0,0,rigor,rigor,,n-s---mn-
,0,0,et,et,,c--------
,0,0,nimia,nimius,,a-s---fn-
,0,0,severitas,severitas,,n-s---fn-
,0,0,cui,qui,1,p-s---fd-
,0,0,iam,jam,,d--------
,0,0,pares,par,,a-p---mn-
,0,0,non,non,,d--------
,0,0,sumus,sum,1,v1ppia---
,0,0,Inde,inde,,d--------
,0,0,apud,apud,,r--------
,0,0,senatum,senatus,,n-s---ma-
,0,0,non,non,,d--------
,0,0,comptior,como,1,v-srppmnc
,0,0,Galbae,Galba,,n-s---mg-
,0,0,non,non,,d--------
,0,0,longior,longus,,a-s---mnc
,0,0,quam,quam,,d--------
,0,0,apud,apud,,r--------
,0,0,militem,miles,,n-s---ma-
,0,0,sermo,sermo,,n-s---mn-
,0,0,Pisonis,Piso,3,n-s---mg-
,0,0,comis,comis,,a-s---fn-
,0,0,oratio,oratio,,n-s---fn-
,0,0,et,et,,c--------
,0,0,patrum,pater,,n-p---mg-
,0,0,favor,favor,,n-s---mn-
,0,0,aderat,adsum,,v3siia---
,0,0,multi,multus,,a-p---mn-
,0,0,voluntate,voluntas,,n-s---fb-
,0,0,effusius,effundo,,d-------c
,0,0,qui,qui,1,p-p---mn-
,0,0,noluerant,nolo,,v3plia---
,0,0,medii,medius,,a-p---mn-
,0,0,ac,atque,,c--------
,0,0,plurimi,multus,,a-p---mns
,0,0,obvio,obvius,,a-s---nb-
,0,0,obsequio,obsequium,,n-s---nb-
,0,0,privatas,privo,,v-prppfa-
,0,0,spes,spes,,n-p---fa-
,0,0,agitantes,agito,,v-ppp-mn-
,0,0,sine,sine,,r--------
,0,0,publica,publicus,,a-s---fb-
,0,0,cura,cura,,n-s---fb-
,0,0,nec,neque,,c--------
,0,0,aliud,alius,2,a-s---nn_
,0,0,sequenti,sequor,,v-spp-nb-
,0,0,quadriduo,quadriduum,,n-s---nb-
,0,0,quod,qui,1,p-s---nn-
,0,0,medium,medius,1,a-s---nn_
,0,0,inter,inter,,r--------
,0,0,adoptionem,adoptio,,n-s---fa-
,0,0,et,et,,c--------
,0,0,caedem,caedes,,n-s---fa-
,0,0,fuit,sum,1,v3sria---
,0,0,dictum,dico,2,v-srppnn-
,0,0,a,ab,,r--------
,0,0,Pisone,Piso,3,n-s---mb-
,0,0,in,in,,r--------
,0,0,publico,publicus,,a-s---nb-
,0,0,factum,facio,,v-srppnn-
,0,0,-ve,-ve,1,c--------
,0,0,crebrioribus,creber,,a-p---nbc
,0,0,in,in,,r--------
,0,0,dies,dies,,n-p---ma-
,0,0,Germanicae,Germanicus,,a-s---fg_
,0,0,defectionis,defectio,,n-s---fg-
,0,0,nuntiis,nuntius,,a-p---nb-
,0,0,et,et,,c--------
,0,0,facili,facilis,,a-s---fb-
,0,0,civitate,civitas,,n-s---fb-
,0,0,ad,ad,,r--------
,0,0,accipienda,accipio,,v-p-g-na-
,0,0,credenda,credo,,v-p-g-na-
,0,0,-que,-que,,c--------
,0,0,omnia,omnis,,a-p---na-
,0,0,nova,novus,,a-p---na-
,0,0,cum,cum,,c--------
,0,0,tristia,tristis,,a-p---nn-
,0,0,sunt,sum,1,v3ppia---
,0,0,censuerant,censeo,1,v3plia---
,0,0,patres,pater,,n-p---mn-
,0,0,mittendos,mitto,,v-p-g-ma-
,0,0,ad,ad,,r--------
,0,0,Germanicum,Germanicus,,a-s---ma_
,0,0,exercitum,exercitus,2,n-s---ma-
,0,0,legatos,lego,1,v-prppma_
,0,0,agitatum,agito,,v-srppnn-
,0,0,secreto,secerno,,v-srppnb-
,0,0,num,num,,d--------
,0,0,et,et,,c--------
,0,0,Piso,Piso,3,n-s---mn-
,0,0,proficisceretur,proficiscor,,v3sisd---
,0,0,maiore,magnus,1,a-s---mbc
,0,0,praetextu,praetextus,2,n-s---mb-
,0,0,illi,ille,,p-p---mn-
,0,0,auctoritatem,auctoritas,,n-s---fa-
,0,0,senatus,senatus,,n-s---mg-
,0,0,hic,hic,,p-s---mn-
,0,0,dignationem,dignatio,,n-s---fa-
,0,0,Caesaris,Caesar,,n-s---mg-
,0,0,laturus,fero,,v-sfpamn-
,0,0,placebat,placeo,,v3siia---
,0,0,et,et,,c--------
,0,0,Laconem,Laco,,n-s---ma-
,0,0,praetorii,praetorius,,a-s---ng-
,0,0,praefectum,praeficio,,v-srppma-
,0,0,simul,simul,,d--------
,0,0,mitti,mitto,,v--pnp---
,0,0,is,is,,p-s---mn-
,0,0,consilio,consilium,,n-s---nd-
,0,0,intercessit,intercedo,,v3sria---
,0,0,legati,lego,1,v-prppmn-
,0,0,quoque,quoque,,d--------
,0,0,nam,nam,,c--------
,0,0,senatus,senatus,,n-s---mn-
,0,0,electionem,electio,,n-s---fa-
,0,0,Galbae,Galba,,n-s---md-
,0,0,permiserat,permitto,,v3slia---
,0,0,foeda,foedus,1,a-s---fb-
,0,0,inconstantia,inconstantia,,n-s---fb-
,0,0,nominati,nomino,,v-prppmn-
,0,0,excusati,excuso,,v-prppmn-
,0,0,substituti,substituo,,v-prppmn-
,0,0,ambitu,ambitus,2,n-s---mb-
,0,0,remanendi,remaneo,,v___d_-g-
,0,0,aut,aut,,c--------
,0,0,eundi,eo,1,v___d_-g-
,0,0,ut,ut,,d--------
,0,0,quemque,quisque,,p-s---ma-
,0,0,metus,metus,,n-s---mn-
,0,0,vel,vel,,c--------
,0,0,spes,spes,,n-s---fn-
,0,0,impulerat,impello,,v3slia---
,0,0,Proxima,propior,,a-s---fns
,0,0,pecuniae,pecunia,,n-s---fg-
,0,0,cura,cura,,n-s---fn-
,0,0,et,et,,c--------
,0,0,cuncta,cunctus,,a-p---na-
,0,0,scrutantibus,scrutor,,v-ppp-md-
,0,0,iustissimum,justus,,a-s---nns
,0,0,visum,video,,v-srppnn-
,0,0,est,sum,1,v3spia---
,0,0,inde,inde,,d--------
,0,0,repeti,repeto,,v--pnp---
,0,0,ubi,ubi,,d--------
,0,0,inopiae,inopia,,n-s---fg-
,0,0,causa,causa,,n-s---fn-
,0,0,erat,sum,1,v3siia---
,0,0,bis,bis,,d--------
,0,0,et,et,,c--------
,0,0,viciens,viciens,,d--------
,0,0,miliens,millies,,d--------
,0,0,sestertium,sestertius,,a-p---ng-
,0,0,donationibus,donatio,,n-p---fb-
,0,0,Nero,Nero,,n-s---mn-
,0,0,effuderat,effundo,,v3slia---
,0,0,appellari,appello,,v--pnp---
,0,0,singulos,singuli,,m-p---ma-
,0,0,iussit,jubeo,,v3sria---
,0,0,decima,decimus,1,m-s---fb-
,0,0,parte,pars,,n-s---fb-
,0,0,liberalitatis,liberalitas,,n-s---fg-
,0,0,apud,apud,,r--------
,0,0,quemque,quisque,,p-s---ma-
,0,0,eorum,is,,p-p---mg-
,0,0,relicta,relinquo,,v-srppfb-
,0,0,at,at,,c--------
,0,0,illis,ille,,p-p---md-
,0,0,vix,vix,,d--------
,0,0,decimae,decimus,1,m-p---fn-
,0,0,super,super,2,r--------
,0,0,portiones,portio,,n-p---fa-
,0,0,erant,sum,1,v3piia---
,0,0,isdem,idem,,p-p---mb-
,0,0,erga,erga,,r--------
,0,0,aliena,alienus,,a-p---na-
,0,0,sumptibus,sumptus,2,n-p---mb-
,0,0,quibus,qui,1,p-p---nb-
,0,0,sua,suus,,p-p---na-
,0,0,prodegerant,prodigo,,v3plia---
,0,0,cum,cum,,c--------
,0,0,rapacissimo,rapax,,a-s---mds
,0,0,cuique,quisque,,p-s---md-
,0,0,ac,atque,,c--------
,0,0,perditissimo,perdo,,v-srppmds
,0,0,non,non,,d--------
,0,0,agri,ager,,n-p---mn-
,0,0,aut,aut,,c--------
,0,0,faenus,faenus,,n-s---nn-
,0,0,sed,sed,,c--------
,0,0,sola,solus,1,a-p---nn-
,0,0,instrumenta,instrumentum,,n-p---nn-
,0,0,vitiorum,vitium,,n-p---ng-
,0,0,manerent,maneo,,v3pisa---
,0,0,exactioni,exactio,,n-s---fd-
,0,0,triginta,triginta,,m--------
,0,0,equites,eques,,n-p---mn-
,0,0,Romani,Romanus,,a-p---mn_
,0,0,praepositi,praepono,,v-prppmn-
,0,0,novum,novus,,a-s---nn-
,0,0,officii,officium,,n-s---ng-
,0,0,genus,genus,1,n-s---nn-
,0,0,et,et,,c--------
,0,0,ambitu,ambitus,2,n-s---mb-
,0,0,ac,atque,,c--------
,0,0,numero,numerus,,n-s---mb-
,0,0,onerosum,onerosus,,a-s---nn-
,0,0,ubique,ubique,,d--------
,0,0,hasta,hasta,,n-s---fn-
,0,0,et,et,,c--------
,0,0,sector,sector,1,n-s---mn-
,0,0,et,et,,c--------
,0,0,inquieta,inquietus,,a-s---fn-
,0,0,urbs,urbs,,n-s---fn-
,0,0,actionibus,actio,,n-p---fb-
,0,0,ac,atque,,c--------
,0,0,tamen,tamen,,d--------
,0,0,grande,grandis,,a-s---nn-
,0,0,gaudium,gaudium,,n-s---nn-
,0,0,quod,quod,,c--------
,0,0,tam,tam,,d--------
,0,0,pauperes,pauper,,a-p---mn_
,0,0,forent,sum,1,v3pisa---
,0,0,quibus,qui,1,p-p---md-
,0,0,donasset,dono,,v3slsa---
,0,0,Nero,Nero,,n-s---mn-
,0,0,quam,quam,,d--------
,0,0,quibus,qui,1,p-p---md-
,0,0,abstulisset,aufero,,v3slsa---
,0,0,exauctorati,exauctoro,,v-prppmn-
,0,0,per,per,,r--------
,0,0,eos,is,,p-p---ma-
,0,0,dies,dies,,n-p---ma-
,0,0,tribuni,tribunus,,n-p---mn-
,0,0,e,ex,,r--------
,0,0,praetorio,praetorius,,a-s---nb-
,0,0,Antonius,Antonius,,n-s---mn-
,0,0,Taurus,Taurus,3,n-s---mn-
,0,0,et,et,,c--------
,0,0,Antonius,Antonius,,n-s---mn-
,0,0,Naso,Naso,,n-s---mn-
,0,0,ex,ex,,r--------
,0,0,urbanis,urbanus,,a-p---fb-
,0,0,cohortibus,cohors,,n-p---fb-
,0,0,Aemilius,Aemilius,1,n-s---mn-
,0,0,Pacensis,Pacensis,,a-s---mn_
,0,0,e,ex,,r--------
,0,0,vigilibus,vigil,,a-p---mb-
,0,0,Iulius,Julius,,n-s---mn-
,0,0,Fronto,Fronto,2,n-s---mn-
,0,0,nec,neque,,c--------
,0,0,remedium,remedium,,n-s---nn-
,0,0,in,in,,r--------
,0,0,ceteros,ceterus,,a-p---ma-
,0,0,fuit,sum,1,v3sria---
,0,0,sed,sed,,c--------
,0,0,metus,metus,,n-s---mg-
,0,0,initium,initium,,n-s---nn-
,0,0,tamquam,tamquam,,d--------
,0,0,per,per,,r--------
,0,0,artem,ars,,n-s---fa-
,0,0,et,et,,c--------
,0,0,formidine,formido,2,n-s---fb-
,0,0,singuli,singuli,,m-p---mn-
,0,0,pellerentur,pello,,v3pisp---
,0,0,omnibus,omnis,,a-p---mb-
,0,0,suspectis,suspicio,1,v-prppmb-
,0,0,Interea,interea,,d--------
,0,0,Othonem,Otho,,n-s---ma-
,0,0,cui,qui,1,p-s---md-
,0,0,compositis,compono,,v-prppfb-
,0,0,rebus,res,,n-p---fb-
,0,0,nulla,nullus,,a-s---fn-
,0,0,spes,spes,,n-s---fn-
,0,0,omne,omnis,,a-s---nn-
,0,0,in,in,,r--------
,0,0,turbido,turbidus,,a-s---nb-
,0,0,consilium,consilium,,n-s---nn-
,0,0,multa,multus,,a-p---nn-
,0,0,simul,simul,,d--------
,0,0,extimulabant,exstimulo,,v3piia---
,0,0,luxuria,luxuria,,n-s---fn-
,0,0,etiam,etiam,,c--------
,0,0,principi,princeps,,a-s---md_
,0,0,onerosa,onerosus,,a-s---fn-
,0,0,inopia,inopia,,n-s---fn-
,0,0,vix,vix,,d--------
,0,0,privato,privo,,d-------_
,0,0,toleranda,tolero,,v-s-g-fn-
,0,0,in,in,,r--------
,0,0,Galbam,Galba,,n-s---ma-
,0,0,ira,ira,,n-s---fn-
,0,0,in,in,,r--------
,0,0,Pisonem,Piso,3,n-s---ma-
,0,0,invidia,invidia,,n-s---fn-
,0,0,fingebat,fingo,,v3siia---
,0,0,et,et,,c--------
,0,0,metum,metus,,n-s---ma-
,0,0,quo,quo,,d--------
,0,0,magis,magnus,1,d-------c
,0,0,concupisceret,concupisco,,v3sisa---
,0,0,praegravem,praegravis,,a-s---ma-
,0,0,se,sui,,p-s---ma-
,0,0,Neroni,Nero,,n-s---md-
,0,0,fuisse,sum,1,v--rna---
,0,0,nec,neque,,c--------
,0,0,Lusitaniam,Lusitania,,n-s---fa-
,0,0,rursus,rursus,,d--------
,0,0,et,et,,c--------
,0,0,alterius,alter,,a-s---ng_
,0,0,exilii,exsilium,,n-s---ng-
,0,0,honorem,honor,,n-s---ma-
,0,0,expectandum,exspecto,,v-s-g-ma-
,0,0,suspectum,suspicio,1,v-srppma-
,0,0,semper,semper,,d--------
,0,0,invisum,invideo,,v-srppma-
,0,0,-que,-que,,c--------
,0,0,dominantibus,dominor,,v-ppp-md-
,0,0,qui,qui,1,p-s---mn-
,0,0,proximus,propior,,a-s---mns
,0,0,destinaretur,destino,,v3sisp---
,0,0,nocuisse,noceo,,v--rna---
,0,0,id,is,,p-s---na-
,0,0,sibi,sui,,p-s---md-
,0,0,apud,apud,,r--------
,0,0,senem,senex,,a-s---ma_
,0,0,principem,princeps,,a-s---ma_
,0,0,magis,magnus,1,d-------c
,0,0,nociturum,noceo,,v-sfpana-
,0,0,apud,apud,,r--------
,0,0,iuvenem,juvenis,,a-s---ma-
,0,0,ingenio,ingenium,,n-s---nb-
,0,0,trucem,trux,,a-s---ma_
,0,0,et,et,,c--------
,0,0,longo,longus,,a-s---nb-
,0,0,exilio,exsilium,,n-s---nb-
,0,0,efferatum,effero,2,v-srppma-
,0,0,occidi,occido,1,v--pnp---
,0,0,Othonem,Otho,,n-s---ma-
,0,0,posse,possum,,v--pna---
,0,0,proinde,proinde,,d--------
,0,0,agendum,ago,,v-s-g-nn-
,0,0,audendum,audeo,,v-s-g-nn-
,0,0,-que,-que,,c--------
,0,0,dum,dum,,c--------
,0,0,Galbae,Galba,,n-s---mg-
,0,0,auctoritas,auctoritas,,n-s---fn-
,0,0,fluxa,fluo,,v-srppfn-
,0,0,Pisonis,Piso,3,n-s---mg-
,0,0,nondum,nondum,,c--------
,0,0,coaluisset,coalesco,,v3slsa---
,0,0,opportunos,opportunus,,a-p---ma-
,0,0,magnis,magnus,1,a-p---md-
,0,0,conatibus,conatus,,n-p---md-
,0,0,transitus,transitus,2,n-p---ma-
,0,0,rerum,res,,n-p---fg-
,0,0,nec,neque,,c--------
,0,0,cunctatione,cunctatio,,n-s---fb-
,0,0,opus,opus,1,n-s---nn-
,0,0,ubi,ubi,,c--------
,0,0,perniciosior,perniciosus,,a-s---fnc
,0,0,sit,sum,1,v3spsa---
,0,0,quies,quies,1,n-s---fn-
,0,0,quam,quam,,d--------
,0,0,temeritas,temeritas,,n-s---fn-
,0,0,mortem,mors,,n-s---fa-
,0,0,omnibus,omnis,,a-p---md-
,0,0,ex,ex,,r--------
,0,0,natura,natura,,n-s---fb-
,0,0,aequalem,aequalis,,a-s---fa-
,0,0,oblivione,oblivio,,n-s---fb-
,0,0,apud,apud,,r--------
,0,0,posteros,posterus,,a-p---ma-
,0,0,vel,vel,,c--------
,0,0,gloria,gloria,,n-s---fb-
,0,0,distingui,distinguo,,v--pnp---
,0,0,ac,atque,,c--------
,0,0,si,si,,c--------
,0,0,nocentem,noceo,,v-spp-ma-
,0,0,innocentem,innocens,,a-s---ma-
,0,0,-que,-que,,c--------
,0,0,idem,idem,,p-s---mn-
,0,0,exitus,exitus,2,n-s---mn-
,0,0,maneat,maneo,,v3spsa---
,0,0,acrioris,acer,2,a-s---mgc
,0,0,viri,vir,,n-s---mg-
,0,0,esse,sum,1,v--pna---
,0,0,merito,mereo,,d-------_
,0,0,perire,pereo,,v--pna---
