,6,1,Sic,sic,1,d--------
,6,1,fatur,for,1,v3spip---
,6,1,lacrimans,lacrimo,1,v-sppamn-
,6,1,classi,classis,1,n-s---fd-
,6,1,-que,-que,1,c--------
,6,1,immittit,immitto,1,v3spia---
,6,1,habenas,habena,1,n-p---fa-
,6,1,et,et,1,c--------
,6,1,tandem,tandem,1,d--------
,6,1,Euboicis,Euboicus,1,a-p---fd-
,6,1,Cumarum,Cumae,1,n-p---fg-
,6,1,adlabitur,allabor,,v3spid---
,6,1,oris,ora,1,n-p---fd-
,6,1,Obvertunt,obverto,1,v3ppia---
,6,1,pelago,pelagus,1,n-s---nd-
,6,1,proras,prora,1,n-p---fa-
,6,1,tum,tum,1,d--------
,6,1,dente,dens,1,n-s---mb-
,6,1,tenaci,tenax,1,a-s---mb-
,6,1,ancora,ancora,1,n-s---fn-
,6,1,fundabat,fundo,2,v3siia---
,6,1,naves,navis,1,n-p---fa-
,6,1,et,et,1,c--------
,6,1,litora,litus,3,n-p---na-
,6,1,curvae,curvus,1,a-p---fn-
,6,1,praetexunt,praetexo,,v3ppia---
,6,1,puppes,puppis,1,n-p---fn-
,6,1,Iuvenum,juvenis,1,a-p---mg_
,6,1,manus,manus,1,n-s---fn-
,6,1,emicat,emico,1,v3spia---
,6,1,ardens,ardeo,1,v-sppafn-
,6,1,litus,litus,3,n-s---na-
,6,1,in,in,1,r--------
,6,1,Hesperium,Hesperius,1,a-s---na-
,6,1,quaerit,quaero,1,v3spia---
,6,1,pars,pars,1,n-s---fn-
,6,1,semina,semen,1,n-p---na-
,6,1,flammae,flamma,1,n-s---fg-
,6,1,abstrusa,abstrudo,1,v-prppna-
,6,1,in,in,1,r--------
,6,1,venis,vena,1,n-p---fb-
,6,1,silicis,silex,1,n-s---mg-
,6,1,pars,pars,1,n-s---fn-
,6,1,densa,densus,1,a-p---na-
,6,1,ferarum,ferus,,a-p---fg-
,6,1,tecta,tectum,1,n-p---na-
,6,1,rapit,rapio,1,v3spia---
,6,1,silvas,silva,1,n-p---fa-
,6,1,inventa,invenio,,v-prppna-
,6,1,-que,-que,1,c--------
,6,1,flumina,flumen,1,n-p---na-
,6,1,monstrat,monstro,1,v3spia---
,6,1,At,at,1,c--------
,6,1,pius,pius,1,a-s---mn-
,6,1,Aeneas,Aeneas,1,n-s---mn-
,6,1,arces,arx,1,n-p---fa-
,6,1,quibus,qui,1,p-p---fd-
,6,1,altus,altus,2,a-s---mn-
,6,1,Apollo,Apollo,1,n-s---mn-
,6,1,praesidet,praesideo,1,v3spia---
,6,1,horrendae,horreo,1,v-ppgpfg-
,6,1,-que,-que,1,c--------
,6,1,procul,procul,1,d--------
,6,1,secreta,secerno,,v-prppna-
,6,1,Sibyllae,Sibylla,1,n-s---fg-
,6,1,antrum,antrum,1,n-s---na-
,6,1,immane,immanis,1,a-s---na-
,6,1,petit,peto,1,v3spia---
,6,1,magnum,magnus,1,a-s---ma-
,6,1,cui,qui,1,p-s---fd-
,6,1,mentem,mens,1,n-s---fa-
,6,1,animum,animus,1,n-s---ma-
,6,1,-que,-que,1,c--------
,6,1,Delius,Delius,1,a-s---mn-
,6,1,inspirat,inspiro,1,v3spia---
,6,1,vates,vates,1,n-s---mn-
,6,1,aperit,aperio,1,v3spia---
,6,1,-que,-que,1,c--------
,6,1,futura,sum,1,v-pfpana-
,6,1,Iam,jam,1,d--------
,6,1,subeunt,subeo,1,v3ppia---
,6,1,Triviae,Trivia,1,n-s---fg-
,6,1,lucos,lucus,1,n-p---ma-
,6,1,atque,atque,1,c--------
,6,1,aurea,aureus,1,a-p---na-
,6,1,tecta,tectum,1,n-p---na-
,6,14,Daedalus,Daedalus,,n-s---mn-
,6,14,ut,ut,1,c--------
,6,14,fama,fama,1,n-s---fn-
,6,14,est,sum,1,v3spia---
,6,14,fugiens,fugio,1,v-sppamn-
,6,14,Minoia,Minoius,1,a-p---na-
,6,14,regna,regnum,1,n-p---na-
,6,14,praepetibus,praepes,1,a-p---fb-
,6,14,pennis,penna,1,n-p---fb-
,6,14,ausus,audeo,1,v-srppmn-
,6,14,se,sui,1,p-s---ma-
,6,14,credere,credo,1,v--pna---
,6,14,caelo,caelum,1,n-s---nd-
,6,14,insuetum,insuetus,2,a-s---na-
,6,14,per,per,1,r--------
,6,14,iter,iter,1,n-s---na-
,6,14,gelidas,gelidus,1,a-p---fa-
,6,14,enavit,eno,1,v3sria---
,6,14,ad,ad,1,r--------
,6,14,Arctos,Arctos,1,n-p---fa-
,6,14,Chalcidica,Chalcidicus,1,a-s---fb-
,6,14,-que,-que,1,c--------
,6,14,levis,levis,1,a-s---mn-
,6,14,tandem,tandem,1,d--------
,6,14,super,super,2,r--------
,6,14,adstitit,asto,1,v3sria---
,6,14,arce,arx,1,n-s---fb-
,6,14,Redditus,reddo,1,v-srppmn-
,6,14,his,hic,1,p-p---fb-
,6,14,primum,primus,1,d--------
,6,14,terris,terra,1,n-p---fd-
,6,14,tibi,tu,1,p-s---md-
,6,14,Phoebe,Phoebus,1,n-s---mv-
,6,14,sacravit,sacro,1,v3sria---
,6,14,remigium,remigium,1,n-s---na-
,6,14,alarum,ala,1,n-p---fg-
,6,14,posuit,pono,1,v3sria---
,6,14,-que,-que,1,c--------
,6,14,immania,immanis,1,a-p---na-
,6,14,templa,templum,1,n-p---na-
,6,14,In,in,1,r--------
,6,14,foribus,foris,1,n-p---fb-
,6,14,letum,letum,1,n-s---nn-
,6,14,Androgeo,Androgeos,1,n-s---mg-
,6,14,tum,tum,1,d--------
,6,14,pendere,pendo,1,v--pna---
,6,14,poenas,poena,1,n-p---fa-
,6,14,Cecropidae,Cecropidae,,n-p---mn-
,6,14,iussi,jubeo,1,v-prppmn-
,6,14,miserum,miser,,a-s---na-
,6,14,septena,septeni,1,a-p---na-
,6,14,quotannis,quotannis,1,d--------
,6,14,corpora,corpus,1,n-p---na-
,6,14,natorum,nascor,,v-prpdmg_
,6,14,stat,sto,1,v3spia---
,6,14,ductis,duco,1,v-prppfb-
,6,14,sortibus,sors,1,n-p---fb-
,6,14,urna,urna,1,n-s---fn-
,6,14,Contra,contra,1,d--------
,6,14,elata,effero,1,v-srppfn-
,6,14,mari,mare,1,n-s---nb-
,6,14,respondet,respondeo,1,v3spia---
,6,14,Gnosia,Gnosius,1,a-s---fn-
,6,14,tellus,tellus,1,n-s---fn-
,6,14,hic,hic,1,d--------
,6,14,crudelis,crudelis,1,a-s---mn-
,6,14,amor,amor,1,n-s---mn-
,6,14,tauri,taurus,1,n-s---mg-
,6,14,supposta,subpono,1,v-prppnn-
,6,14,-que,-que,1,c--------
,6,14,furto,furtum,,d-------_
,6,14,Pasiphae,Pasiphae,1,n-s---fd-
,6,14,mixtum,misceo,1,a-s---nn-
,6,14,-que,-que,1,c--------
,6,14,genus,genus,1,n-s---nn-
,6,14,proles,proles,1,n-s---fn-
,6,14,-que,-que,1,c--------
,6,14,biformis,biformis,1,a-s---fn-
,6,14,Minotaurus,Minotaurus,1,n-s---mn-
,6,14,inest,insum,1,v3spia---
,6,14,Veneris,venus,1,n-s---fg-
,6,14,monumenta,monumentum,1,n-p---nn-
,6,14,nefandae,nefandus,1,a-s---fg-
,6,14,hic,hic,1,d--------
,6,14,labor,labor,2,n-s---mn-
,6,14,ille,ille,1,p-s---mn-
,6,14,domus,domus,1,n-s---fg-
,6,14,et,et,1,c--------
,6,14,inextricabilis,inextricabilis,1,a-s---mn-
,6,14,error,error,1,n-s---mn-
,6,14,magnum,magnus,1,a-s---ma-
,6,14,reginae,regina,1,n-s---fg-
,6,14,sed,sed,1,c--------
,6,14,enim,enim,,c--------
,6,14,miseratus,miseror,,v-srpdmn_
,6,14,amorem,amor,1,n-s---ma-
,6,14,Daedalus,Daedalus,2,n-s---mn-
,6,14,ipse,ipse,1,p-s---mn-
,6,14,dolos,dolus,1,n-p---ma-
,6,14,tecti,tectum,1,n-s---ng-
,6,14,ambages,ambages,1,n-p---fa-
,6,14,-que,-que,1,c--------
,6,14,resolvit,resolvo,1,v3spia---
,6,14,caeca,caecus,1,a-p---na-
,6,14,regens,rego,1,v-sppamn-
,6,14,filo,filum,1,n-s---nb-
,6,14,vestigia,vestigium,1,n-p---na-
,6,14,Tu,tu,1,p-s---mn-
,6,14,quoque,quoque,1,d--------
,6,14,magnam,magnus,1,a-s---fa-
,6,14,partem,pars,1,n-s---fa-
,6,14,opere,opus,1,n-s---nb-
,6,14,in,in,1,r--------
,6,14,tanto,tantus,1,a-s---nb-
,6,14,sineret,sino,1,v3sisa---
,6,14,dolor,dolor,1,n-s---mn-
,6,14,Icare,Icarus,1,n-s---mv-
,6,14,haberes,habeo,1,v2sisa---
,6,14,Bis,bis,1,d--------
,6,14,conatus,conor,,v-srpdmn_
,6,14,erat,sum,1,v3siia---
,6,14,casus,casus,1,n-p---ma-
,6,14,effingere,effingo,1,v--pna---
,6,14,in,in,1,r--------
,6,14,auro,aurum,1,n-s---nb-
,6,14,bis,bis,1,d--------
,6,14,patriae,patrius,1,a-p---fn-
,6,14,cecidere,cado,1,v3pria---
,6,14,manus,manus,1,n-p---fn-
,6,14,Quin,quin,1,c--------
,6,14,protinus,protinus,1,d--------
,6,14,omnia,omnis,1,a-p---na-
,6,14,perlegerent,perlego,1,v3pisa---
,6,14,oculis,oculus,1,n-p---mb-
,6,14,ni,ni,,d--------
,6,14,iam,jam,1,d--------
,6,14,praemissus,praemitto,1,v-srppmn-
,6,14,Achates,Achates,2,n-s---mn-
,6,14,adforet,adsum,1,v3sisa---
,6,14,atque,atque,1,c--------
,6,14,una,unus,1,d--------
,6,14,Phoebi,Phoebus,1,n-s---mg-
,6,14,Triviae,Trivia,1,n-s---fg-
,6,14,-que,-que,1,c--------
,6,14,sacerdos,sacerdos,1,n-s---mn-
,6,14,Deiphobe,Deiphobe,1,n-s---fn-
,6,14,Glauci,Glaucus,3,n-s---mg-
,6,14,fatur,for,,v3spid---
,6,14,quae,qui,1,p-s---fn-
,6,14,talia,talis,1,a-p---na-
,6,14,regi,rex,1,n-s---md-
,6,14,Non,non,1,d--------
,6,14,hoc,hic,1,p-s---nn-
,6,14,ista,iste,1,p-p---na-
,6,14,sibi,sui,1,p-s---md-
,6,14,tempus,tempus,1,n-s---nn-
,6,14,spectacula,spectaculum,1,n-p---na-
,6,14,poscit,posco,1,v3spia---
,6,14,nunc,nunc,1,d--------
,6,14,grege,grex,1,n-s---mb-
,6,14,de,de,1,r--------
,6,14,intacto,intactus,1,a-s---mb-
,6,14,septem,septem,1,m--------
,6,14,mactare,macto,1,v--pna---
,6,14,iuvencos,juvencus,1,a-p---ma-
,6,14,praestiterit,praesto,2,v3srsa---
,6,14,totidem,totidem,,m-_---__-
,6,14,lectas,lego,2,v-prppfa-
,6,14,de,de,1,r--------
,6,14,more,mos,1,n-s---mb-
,6,14,bidentes,bidens,1,a-p---fa-
,6,14,Talibus,talis,1,a-p---nb-
,6,14,adfata,affor,,v-srpdfn_
,6,14,Aenean,Aeneas,1,n-s---ma-
,6,14,nec,neque,,c--------
,6,14,sacra,sacer,1,a-p---na-
,6,14,morantur,moror,1,v3ppid---
,6,14,iussa,jubeo,,v-prppna-
,6,14,viri,vir,1,n-p---mn-
,6,14,Teucros,Teucer,1,n-p---ma-
,6,14,vocat,voco,1,v3spia---
,6,14,alta,altus,1,a-p---na-
,6,14,in,in,1,r--------
,6,14,templa,templum,1,n-p---na-
,6,14,sacerdos,sacerdos,1,n-s---fn-
,6,42,Excisum,excido,2,v-srppnn_
,6,42,Euboicae,Euboicus,1,a-s---fg-
,6,42,latus,latus,2,n-s---nn-
,6,42,ingens,ingens,1,a-s---nn-
,6,42,rupis,rupes,1,n-s---fg-
,6,42,in,in,1,r--------
,6,42,antrum,antrum,1,n-s---na-
,6,42,quo,quo,,d--------
,6,42,lati,latus,1,a-p---mn-
,6,42,ducunt,duco,1,v3ppia---
,6,42,aditus,aditus,2,n-p---mn-
,6,42,centum,centum,1,m--------
,6,42,ostia,ostium,1,n-p---nn-
,6,42,centum,centum,1,m--------
,6,42,unde,unde,1,d--------
,6,42,ruunt,ruo,1,v3ppia---
,6,42,totidem,totidem,,m-_---__-
,6,42,voces,vox,1,n-p---fn-
,6,42,responsa,respondeo,,v-prppnn-
,6,42,Sibyllae,Sibylla,1,n-s---fg-
,6,42,Ventum,venio,1,v-srppnn-
,6,42,erat,sum,1,v3siia---
,6,42,ad,ad,1,r--------
,6,42,limen,limen,1,n-s---na-
,6,42,cum,cum,1,c--------
,6,42,virgo,virgo,1,n-s---fn-
,6,42,Poscere,posco,1,v--pna---
,6,42,fata,fatum,1,n-p---na-
,6,42,tempus,tempus,1,n-s---nn-
,6,42,ait,aio,1,v3spia---
,6,42,deus,deus,1,n-s---mn-
,6,42,ecce,ecce,1,e--------
,6,42,deus,deus,1,n-s---mn-
,6,42,Cui,qui,1,p-s---fd-
,6,42,talia,talis,1,a-p---na-
,6,42,fanti,for,1,v-sppafd-
,6,42,ante,ante,1,r--------
,6,42,fores,foris,1,n-p---fa-
,6,42,subito,subeo,,d-------_
,6,42,non,non,1,d--------
,6,42,voltus,vultus,1,n-p---mn-
,6,42,non,non,1,d--------
,6,42,color,color,1,n-s---mn-
,6,42,unus,unus,1,m-s---mn-
,6,42,non,non,1,d--------
,6,42,comptae,como,1,v-prppfn-
,6,42,mansere,maneo,1,v3pria---
,6,42,comae,coma,1,n-p---fn-
,6,42,sed,sed,1,c--------
,6,42,pectus,pectus,1,n-s---nn-
,6,42,anhelum,anhelus,1,a-s---nn-
,6,42,et,et,1,c--------
,6,42,rabie,rabies,1,n-s---fb-
,6,42,fera,ferus,1,a-p---nn-
,6,42,corda,cor,1,n-p---nn-
,6,42,tument,tumeo,1,v3ppia---
,6,42,maior,magnus,1,a-s---fnc
,6,42,-que,-que,1,c--------
,6,42,videri,video,1,v--pnp---
,6,42,nec,neque,,c--------
,6,42,mortale,mortalis,1,a-s---na-
,6,42,sonans,sono,1,v-sppafn-
,6,42,adflata,afflo,1,v-srppfn-
,6,42,est,sum,1,v3spia---
,6,42,numine,numen,1,n-s---nb-
,6,42,quando,quando,1,d--------
,6,42,iam,jam,1,d--------
,6,42,propiore,propior,,a-s---nbc
,6,42,dei,deus,1,n-s---mg-
,6,42,Cessas,cesso,1,v2spia---
,6,42,in,in,1,r--------
,6,42,vota,votum,1,n-p---na-
,6,42,preces,prex,1,n-p---fa-
,6,42,-que,-que,1,c--------
,6,42,Tros,Tros,1,n-s---mv-
,6,42,ait,aio,1,v3spia---
,6,42,Aenea,Aeneas,,n-s---mv-
,6,42,Cessas,cesso,1,v2spia---
,6,42,Neque,neque,,c--------
,6,42,enim,enim,,c--------
,6,42,ante,ante,1,d--------
,6,42,dehiscent,dehisco,1,v3pfia---
,6,42,attonitae,attono,,v-srppfg-
,6,42,magna,magnus,1,a-p---nn-
,6,42,ora,os,2,n-p---nn-
,6,42,domus,domus,1,n-s---fg-
,6,42,Et,et,1,c--------
,6,42,talia,talis,1,a-p---na-
,6,42,fata,for,1,v-srpdfn_
,6,42,conticuit,conticesco,,v3sria---
,6,42,Gelidus,gelidus,1,a-s---mn-
,6,42,Teucris,Teucer,1,n-p---md-
,6,42,per,per,1,r--------
,6,42,dura,durus,1,a-p---na-
,6,42,cucurrit,curro,1,v3sria---
,6,42,ossa,os,2,n-p---na-
,6,42,tremor,tremor,1,n-s---mn-
,6,42,fundit,fundo,1,v3spia---
,6,42,-que,-que,1,c--------
,6,42,preces,prex,1,n-p---fa-
,6,42,rex,rex,1,n-s---mn-
,6,42,pectore,pectus,1,n-s---nb-
,6,42,ab,ab,1,r--------
,6,42,imo,inferus,,a-s---nbs
,6,42,Phoebe,Phoebus,1,n-s---mv-
,6,42,graves,gravis,1,a-p---ma-
,6,42,Troiae,Troja,1,n-s---fg-
,6,42,semper,semper,1,d--------
,6,42,miserate,miseror,,v-srpdmv_
,6,42,labores,labor,2,n-p---ma-
,6,42,Dardana,Dardanus,2,a-p---na-
,6,42,qui,qui,1,p-s---mn-
,6,42,Paridis,Paris,1,n-s---mg-
,6,42,direxti,dirigo,1,v2sria---
,6,42,tela,telum,1,n-p---na-
,6,42,manus,manus,1,n-p---fa-
,6,42,-que,-que,1,c--------
,6,42,corpus,corpus,1,n-s---na-
,6,42,in,in,1,r--------
,6,42,Aeacidae,Aeacides,1,n-s---mg-
,6,42,magnas,magnus,1,a-p---fa-
,6,42,obeuntia,obeo,1,v-pppana-
,6,42,terras,terra,1,n-p---fa-
,6,42,tot,tot,1,m-_---__-
,6,42,maria,mare,1,n-p---na-
,6,42,intravi,intro,2,v1sria---
,6,42,duce,dux,1,n-s---mb-
,6,42,te,tu,1,p-s---mb-
,6,42,penitus,penitus,1,d--------
,6,42,-que,-que,1,c--------
,6,42,repostas,repono,1,v-prppfa-
,6,42,Massylum,Massyli,1,n-p---mg-
,6,42,gentes,gens,1,n-p---fa-
,6,42,praetenta,praetendo,1,v-prppna-
,6,42,-que,-que,1,c--------
,6,42,Syrtibus,Syrtis,,n-p---fd-
,6,42,arva,arvum,1,n-p---na-
,6,42,iam,jam,1,d--------
,6,42,tandem,tandem,1,d--------
,6,42,Italiae,Italia,1,n-s---fg-
,6,42,fugientis,fugio,1,v-sppafg-
,6,42,prendimus,prehendo,1,v1ppia---
,6,42,oras,ora,1,n-p---fa-
,6,42,hac,hic,,p-s---fb-
,6,42,Troiana,Trojanus,1,a-s---fn-
,6,42,tenus,tenus,2,d--------
,6,42,fuerit,sum,1,v3srsa---
,6,42,Fortuna,fortuna,1,n-s---fn-
,6,42,secuta,sequor,,v-srpdfn_
,6,42,Vos,tu,1,p-p---ma-
,6,42,quoque,quoque,1,d--------
,6,42,Pergameae,Pergameus,1,a-s---fd-
,6,42,iam,jam,1,d--------
,6,42,fas,fas,,n-_---__-
,6,42,est,sum,1,v3spia---
,6,42,parcere,parco,1,v--pna---
,6,42,genti,gens,1,n-s---fd-
,6,42,di,deus,1,n-p---mv-
,6,42,-que,-que,1,c--------
,6,42,deae,dea,1,n-p---fv-
,6,42,-que,-que,1,c--------
,6,42,omnes,omnis,1,a-p---mv-
,6,42,quibus,qui,1,p-p---md-
,6,42,obstitit,obsto,1,v3sria---
,6,42,Ilium,Ilium,1,n-s---nn-
,6,42,et,et,1,c--------
,6,42,ingens,ingens,1,a-s---fn-
,6,42,gloria,gloria,1,n-s---fn-
,6,42,Dardaniae,Dardania,1,n-s---fg-
,6,42,Tu,tu,,p-s---fn-
,6,42,-que,-que,1,c--------
,6,42,O,o,1,e--------
,6,42,sanctissima,sancio,1,v-srppfvs
,6,42,vates,vates,1,n-s---fv-
,6,42,praescia,praescius,1,a-s---fn-
,6,42,venturi,venio,1,v-sfpang-
,6,42,da,do,1,v2spma---
,6,42,non,non,1,d--------
,6,42,indebita,indebitus,1,a-p---na-
,6,42,posco,posco,1,v1spia---
,6,42,regna,regnum,1,n-p---na-
,6,42,meis,meus,,p-p---nd-
,6,42,fatis,fatum,1,n-p---nd-
,6,42,Latio,Latium,1,n-s---nb-
,6,42,considere,consido,1,v--pna---
,6,42,Teucros,Teucer,1,n-p---ma-
,6,42,errantis,erro,1,v-pppama-
,6,42,-que,-que,1,c--------
,6,42,deos,deus,1,n-p---ma-
,6,42,agitata,agito,1,v-prppna-
,6,42,-que,-que,1,c--------
,6,42,numina,numen,1,n-p---na-
,6,42,Troiae,Troja,1,n-s---fg-
,6,42,Tum,tum,1,d--------
,6,42,Phoebo,Phoebus,1,n-s---md-
,6,42,et,et,1,c--------
,6,42,Triviae,Trivia,1,n-s---fd-
,6,42,solido,solidus,1,a-s---mb-
,6,42,de,de,1,r--------
,6,42,marmore,marmor,1,n-s---mb-
,6,42,templum,templum,1,n-s---na-
,6,42,instituam,instituo,,v1sfia---
,6,42,festos,festus,1,a-p---ma-
,6,42,-que,-que,1,c--------
,6,42,dies,dies,1,n-p---ma-
,6,42,de,de,1,r--------
,6,42,nomine,nomen,1,n-s---nb-
,6,42,Phoebi,Phoebus,1,n-s---mg-
,6,42,Te,tu,1,p-s---fa-
,6,42,quoque,quoque,1,d--------
,6,42,magna,magnus,1,a-p---nn-
,6,42,manent,maneo,1,v3ppia---
,6,42,regnis,regnum,1,n-p---nb-
,6,42,penetralia,penetralis,1,a-p---nn-
,6,42,nostris,noster,,p-p---nb-
,6,42,hic,hic,1,d--------
,6,42,ego,ego,1,p-s---mn-
,6,42,namque,nam,1,c--------
,6,42,tuas,tuus,,p-p---fa-
,6,42,sortes,sors,1,n-p---fa-
,6,42,arcana,arcanus,1,a-p---na-
,6,42,-que,-que,1,c--------
,6,42,fata,fatum,1,n-p---na-
,6,42,dicta,dico,2,v-prppna-
,6,42,meae,meus,,p-s---fd-
,6,42,genti,gens,1,n-s---fd-
,6,42,ponam,pono,1,v1sfia---
,6,42,lectos,lego,2,v-prppma-
,6,42,-que,-que,1,c--------
,6,42,sacrabo,sacro,1,v1sfia---
,6,42,alma,almus,1,a-s---fv-
,6,42,viros,vir,1,n-p---ma-
,6,42,Foliis,folium,1,n-p---nd-
,6,42,tantum,tantus,1,d--------
,6,42,ne,ne,1,d--------
,6,42,carmina,carmen,1,n-p---na-
,6,42,manda,mando,1,v2spma---
,6,42,ne,ne,1,d--------
,6,42,turbata,turbo,1,v-prppnn-
,6,42,volent,volo,2,v3ppsa---
,6,42,rapidis,rapidus,,a-p---md-
,6,42,ludibria,ludibrium,1,n-p---nn-
,6,42,ventis,ventus,,n-p---md-
,6,42,ipsa,ipse,1,p-s---fn-
,6,42,canas,cano,1,v2spsa---
,6,42,oro,oro,1,v1spia---
,6,42,Finem,finis,1,n-s---fa-
,6,42,dedit,do,1,v3sria---
,6,42,ore,os,1,n-s---nb-
,6,42,loquendi,loquor,,v___d_-g-
,6,77,At,at,1,c--------
,6,77,Phoebi,Phoebus,1,n-s---mg-
,6,77,nondum,nondum,1,d--------
,6,77,patiens,patior,,v-spp-fn-
,6,77,immanis,immanis,,a-s---fn-
,6,77,in,in,1,r--------
,6,77,antro,antrum,1,n-s---nb-
,6,77,bacchatur,bacchor,,v3spid---
,6,77,vates,vates,,n-s---fn-
,6,77,magnum,magnus,1,a-s---ma-
,6,77,si,si,1,c--------
,6,77,pectore,pectus,1,n-s---nb-
,6,77,possit,possum,1,v3spsa---
,6,77,excussisse,excutio,1,v--rna---
,6,77,deum,deus,1,n-s---ma-
,6,77,tanto,tantus,,d-------_
,6,77,magis,magnus,1,d-------c
,6,77,ille,ille,1,p-s---mn-
,6,77,fatigat,fatigo,1,v3spia---
,6,77,os,os,1,n-s---na-
,6,77,rabidum,rabidus,1,a-s---na-
,6,77,fera,ferus,1,a-p---na-
,6,77,corda,cor,1,n-p---na-
,6,77,domans,domo,1,v-sppamn-
,6,77,fingit,fingo,1,v3spia---
,6,77,-que,-que,1,c--------
,6,77,premendo,premo,,v___d_-b-
,6,77,Ostia,ostium,1,n-p---nn-
,6,77,iam,jam,1,d--------
,6,77,-que,-que,1,c--------
,6,77,domus,domus,1,n-s---fg-
,6,77,patuere,pateo,1,v3pria---
,6,77,ingentia,ingens,1,a-p---nn-
,6,77,centum,centum,1,m--------
,6,77,sponte,sponte,1,n-s---fb-
,6,77,sua,suus,,p-s---fb-
,6,77,vatis,vates,,n-s---fg-
,6,77,-que,-que,1,c--------
,6,77,ferunt,fero,1,v3ppia---
,6,77,responsa,respondeo,,v-prppna-
,6,77,per,per,1,r--------
,6,77,auras,aura,1,n-p---fa-
,6,77,O,o,1,e--------
,6,77,tandem,tandem,1,d--------
,6,77,magnis,magnus,1,a-p---nb-
,6,77,pelagi,pelagus,1,n-s---ng-
,6,77,defuncte,defungor,,v-srpdmv_
,6,77,periclis,periculum,1,n-p---nb-
,6,77,Sed,sed,1,c--------
,6,77,terrae,terra,1,n-s---fg-
,6,77,graviora,gravis,1,a-p---nnc
,6,77,manent,maneo,1,v3ppia---
,6,77,In,in,1,r--------
,6,77,regna,regnum,1,n-p---na-
,6,77,Lavini,Lavinium,1,n-s---ng-
,6,77,Dardanidae,Dardanides,1,n-p---mn-
,6,77,venient,venio,1,v3pfia---
,6,77,mitte,mitto,1,v2spma---
,6,77,hanc,hic,1,p-s---fa-
,6,77,de,de,1,r--------
,6,77,pectore,pectus,1,n-s---nb-
,6,77,curam,cura,1,n-s---fa-
,6,77,sed,sed,1,c--------
,6,77,non,non,1,d--------
,6,77,et,et,1,c--------
,6,77,venisse,venio,1,v--rna---
,6,77,volent,volo,1,v3pfia---
,6,77,Bella,bellum,1,n-p---na-
,6,77,horrida,horridus,1,a-p---na-
,6,77,bella,bellum,1,n-p---na-
,6,77,et,et,1,c--------
,6,77,Thybrim,Thybris,,n-s---ma-
,6,77,multo,multus,1,a-s---mb-
,6,77,spumantem,spumo,1,v-sppama-
,6,77,sanguine,sanguis,1,n-s---mb-
,6,77,cerno,cerno,1,v1spia---
,6,77,Non,non,1,d--------
,6,77,Simois,Simois,1,n-s---mn-
,6,77,tibi,tu,1,p-s---md-
,6,77,nec,neque,,c--------
,6,77,Xanthus,Xanthus,1,n-s---mn-
,6,77,nec,neque,,c--------
,6,77,Dorica,Doricus,1,a-p---nn-
,6,77,castra,castrum,1,n-p---nn-
,6,77,defuerint,desum,,v3ptia---
,6,77,alius,alius,2,a-s---mn-
,6,77,Latio,Latium,1,n-s---nb-
,6,77,iam,jam,1,d--------
,6,77,partus,pario,2,v-srppmn-
,6,77,Achilles,Achilles,1,n-s---mn-
,6,77,natus,nascor,,v-srpdmn_
,6,77,et,et,1,c--------
,6,77,ipse,ipse,1,p-s---mn-
,6,77,dea,dea,1,n-s---fb-
,6,77,nec,neque,,c--------
,6,77,Teucris,Teucer,1,n-p---md-
,6,77,addita,addo,1,v-srppfn-
,6,77,Iuno,Juno,1,n-s---fn-
,6,77,usquam,usquam,1,d--------
,6,77,aberit,absum,,v3stia---
,6,77,cum,cum,1,c--------
,6,77,tu,tu,1,p-s---mn-
,6,77,supplex,supplex,,a-s---mn-
,6,77,in,in,1,r--------
,6,77,rebus,res,1,n-p---fb-
,6,77,egenis,egenus,1,a-p---fb-
,6,77,quas,quis,1,p-p---fa-
,6,77,gentes,gens,1,n-p---fa-
,6,77,Italum,Italus,,a-p---mg_
,6,77,aut,aut,1,c--------
,6,77,quas,quis,1,p-p---fa-
,6,77,non,non,1,d--------
,6,77,oraveris,oro,1,v2srsa---
,6,77,urbes,urbs,1,n-p---fa-
,6,77,Causa,causa,1,n-s---fn-
,6,77,mali,malus,1,a-s---ng-
,6,77,tanti,tantus,,a-s---ng-
,6,77,coniunx,conjunx,1,n-s---fn-
,6,77,iterum,iterum,1,d--------
,6,77,hospita,hospitus,1,a-s---fn-
,6,77,Teucris,Teucer,1,n-p---md-
,6,77,externi,externus,1,a-p---mn-
,6,77,-que,-que,1,c--------
,6,77,iterum,iterum,1,d--------
,6,77,thalami,thalamus,1,n-p---mn-
,6,77,Tu,tu,1,p-s---mn-
,6,77,ne,ne,1,d--------
,6,77,cede,cedo,1,v2spma---
,6,77,malis,malus,1,a-p---nd-
,6,77,sed,sed,1,c--------
,6,77,contra,contra,1,d--------
,6,77,audentior,audeo,1,v-sppamnc
,6,77,ito,eo,1,v2sfma---
,6,77,qua,qua,1,d--------
,6,77,tua,tuus,,p-s---fn-
,6,77,te,tu,1,p-s---ma-
,6,77,Fortuna,fortuna,1,n-s---fn-
,6,77,sinet,sino,1,v3sfia---
,6,77,Via,via,,n-s---fn-
,6,77,prima,primus,,m-s---fn-
,6,77,salutis,salus,1,n-s---fg-
,6,77,quod,qui,1,p-s---na-
,6,77,minime,parvus,,d-------s
,6,77,reris,reor,,v2spid---
,6,77,Graia,Graius,1,a-s---fb-
,6,77,pandetur,pando,2,v3sfip---
,6,77,ab,ab,1,r--------
,6,77,urbe,urbs,1,n-s---fb-
,6,98,Talibus,talis,1,a-p---nb-
,6,98,ex,ex,1,r--------
,6,98,adyto,adytum,1,n-s---nb-
,6,98,dictis,dico,2,v-prppnb-
,6,98,Cumaea,Cumaeus,1,a-s---fn-
,6,98,Sibylla,Sibylla,1,n-s---fn-
,6,98,horrendas,horreo,1,v-ppgpfa-
,6,98,canit,cano,1,v3spia---
,6,98,ambages,ambages,1,n-p---fa-
,6,98,antro,antrum,1,n-s---nb-
,6,98,-que,-que,1,c--------
,6,98,remugit,remugio,1,v3spia---
,6,98,obscuris,obscurus,,a-p---nb-
,6,98,vera,verus,1,a-p---na-
,6,98,involvens,involvo,1,v-sppafn-
,6,98,ea,is,1,p-p---na-
,6,98,frena,frenum,1,n-p---na-
,6,98,furenti,furo,1,v-sppafd-
,6,98,concutit,concutio,1,v3spia---
,6,98,et,et,1,c--------
,6,98,stimulos,stimulus,1,n-p---ma-
,6,98,sub,sub,1,r--------
,6,98,pectore,pectus,1,n-s---nb-
,6,98,vertit,verto,1,v3spia---
,6,98,Apollo,Apollo,1,n-s---mn-
,6,98,Ut,ut,,d--------
,6,98,primum,primus,1,d--------
,6,98,cessit,cedo,1,v3sria---
,6,98,furor,furor,2,n-s---mn-
,6,98,et,et,1,c--------
,6,98,rabida,rabidus,1,a-p---nn-
,6,98,ora,os,1,n-p---nn-
,6,98,quierunt,quiesco,1,v3pria---
,6,98,incipit,incipio,1,v3spia---
,6,98,Aeneas,Aeneas,1,n-s---mn-
,6,98,heros,heros,1,n-s---mn-
,6,98,Non,non,1,d--------
,6,98,ulla,ullus,1,a-s---fn-
,6,98,laborum,labor,2,n-p---mg-
,6,98,O,o,1,e--------
,6,98,virgo,virgo,1,n-s---fv-
,6,98,nova,novus,1,a-s---fn-
,6,98,mi,ego,1,p-s---md-
,6,98,facies,facies,1,n-s---fn-
,6,98,inopina,inopinus,1,a-s---fn-
,6,98,-ve,-ve,1,c--------
,6,98,surgit,surgo,1,v3spia---
,6,98,omnia,omnis,1,a-p---na-
,6,98,praecepi,praecipio,1,v1sria---
,6,98,atque,atque,1,c--------
,6,98,animo,animus,1,n-s---mb-
,6,98,mecum,ego,1,p-s---mb-
,6,98,ante,ante,1,d--------
,6,98,peregi,perago,1,v1sria---
,6,98,Unum,unus,,m-s---na-
,6,98,oro,oro,1,v1spia---
,6,98,quando,quando,1,d--------
,6,98,hic,hic,,d-------_
,6,98,inferni,infernus,1,a-s---mg-
,6,98,ianua,janua,1,n-s---fn-
,6,98,regis,rex,1,n-s---mg-
,6,98,dicitur,dico,2,v3spip---
,6,98,et,et,1,c--------
,6,98,tenebrosa,tenebrosus,1,a-s---fn-
,6,98,palus,palus,2,n-s---fn-
,6,98,Acheronte,Acheron,1,n-s---mb-
,6,98,refuso,refundo,1,v-srppmb-
,6,98,ire,eo,1,v--pna---
,6,98,ad,ad,1,r--------
,6,98,conspectum,conspectus,2,n-s---ma-
,6,98,cari,carus,1,a-s---mg-
,6,98,genitoris,genitor,1,n-s---mg-
,6,98,et,et,1,c--------
,6,98,ora,os,1,n-p---na-
,6,98,contingat,contingo,1,v3spsa---
,6,98,doceas,doceo,1,v2spsa---
,6,98,iter,iter,1,n-s---na-
,6,98,et,et,1,c--------
,6,98,sacra,sacer,1,a-p---na-
,6,98,ostia,ostium,1,n-p---na-
,6,98,pandas,pando,2,v2spsa---
,6,98,Illum,ille,1,p-s---ma-
,6,98,ego,ego,1,p-s---mn-
,6,98,per,per,1,r--------
,6,98,flammas,flamma,1,n-p---fa-
,6,98,et,et,1,c--------
,6,98,mille,mille,1,m--------
,6,98,sequentia,sequor,1,v-pppana-
,6,98,tela,telum,1,n-p---na-
,6,98,eripui,eripio,1,v1sria---
,6,98,his,hic,1,p-p---mb-
,6,98,umeris,umerus,1,n-p---mb-
,6,98,medio,medius,,a-s---mb-
,6,98,-que,-que,1,c--------
,6,98,ex,ex,1,r--------
,6,98,hoste,hostis,1,n-s---fb-
,6,98,recepi,recipio,1,v1sria---
,6,98,ille,ille,1,p-s---mn-
,6,98,meum,meus,,p-s---na-
,6,98,comitatus,comitor,,v-srpdmn_
,6,98,iter,iter,1,n-s---na-
,6,98,maria,mare,1,n-p---na-
,6,98,omnia,omnis,1,a-p---na-
,6,98,mecum,ego,1,p-s---mb-
,6,98,atque,atque,1,c--------
,6,98,omnes,omnis,1,a-p---fa-
,6,98,pelagi,pelagus,1,n-s---ng-
,6,98,-que,-que,1,c--------
,6,98,minas,minae,1,n-p---fa-
,6,98,caeli,caelum,1,n-s---ng-
,6,98,-que,-que,1,c--------
,6,98,ferebat,fero,1,v3siia---
,6,98,invalidus,invalidus,1,a-s---mn-
,6,98,vires,vis,1,n-p---fa-
,6,98,ultra,ultra,1,r--------
,6,98,sortem,sors,1,n-s---fa-
,6,98,-que,-que,1,c--------
,6,98,senectae,senecta,1,n-s---fg-
,6,98,Quin,quin,,c--------
,6,98,ut,ut,,d--------
,6,98,te,tu,1,p-s---fa-
,6,98,supplex,supplex,,a-s---mn-
,6,98,peterem,peto,1,v1sisa---
,6,98,et,et,1,c--------
,6,98,tua,tuus,,p-p---na-
,6,98,limina,limen,1,n-p---na-
,6,98,adirem,adeo,1,v1sisa---
,6,98,idem,idem,1,p-s---mn-
,6,98,orans,oro,1,v-sppamn-
,6,98,mandata,mando,1,v-prppna-
,6,98,dabat,do,1,v3siia---
,6,98,Gnati,nascor,,v-srpdmg_
,6,98,-que,-que,1,c--------
,6,98,patris,pater,1,n-s---mg-
,6,98,-que,-que,1,c--------
,6,98,alma,almus,1,a-s---fv-
,6,98,precor,precor,,v1spid---
,6,98,miserere,misereor,,v2spmd---
,6,98,potes,possum,1,v2spia---
,6,98,namque,namque,,c--------
,6,98,omnia,omnis,1,a-p---na-
,6,98,nec,neque,,c--------
,6,98,te,tu,1,p-s---fa-
,6,98,nequiquam,nequiquam,1,d--------
,6,98,lucis,lucus,1,n-p---md-
,6,98,Hecate,Hecate,1,n-s---fn-
,6,98,praefecit,praeficio,1,v3sria---
,6,98,Avernis,Avernus,,a-p---md_
,6,98,si,si,1,c--------
,6,98,potuit,possum,1,v3sria---
,6,98,Manes,manes,1,n-p---ma-
,6,98,arcessere,arcesso,1,v--pna---
,6,98,coniugis,conjunx,1,n-s---fg-
,6,98,Orpheus,Orpheus,1,n-s---mn-
,6,98,Threicia,Threicius,1,a-s---fb-
,6,98,fretus,fretus,1,a-s---mn-
,6,98,cithara,cithara,1,n-s---fb-
,6,98,fidibus,fides,2,n-p---fb-
,6,98,-que,-que,1,c--------
,6,98,canoris,canorus,,a-p---fb-
,6,98,si,si,1,c--------
,6,98,fratrem,frater,1,n-s---ma-
,6,98,Pollux,Pollux,1,n-s---mn-
,6,98,alterna,alternus,1,a-s---fb-
,6,98,morte,mors,1,n-s---fb-
,6,98,redemit,redimo,,v3sria---
,6,98,it,eo,1,v3spia---
,6,98,-que,-que,1,c--------
,6,98,redit,redeo,1,v3spia---
,6,98,-que,-que,1,c--------
,6,98,viam,via,1,n-s---fa-
,6,98,totiens,totiens,1,d--------
,6,98,Quid,quis,1,p-s---na-
,6,98,Thesea,Theseus,1,n-s---ma-
,6,98,magnum,magnus,1,a-s---ma-
,6,98,quid,quis,1,p-s---na-
,6,98,memorem,memoro,1,v1spsa---
,6,98,Alciden,Alcides,1,n-s---ma-
,6,98,Et,et,1,c--------
,6,98,mi,ego,1,p-s---md-
,6,98,genus,genus,1,n-s---mn-
,6,98,ab,ab,1,r--------
,6,98,Iove,Iuppiter,1,n-s---mb-
,6,98,summo,superus,,a-s---mbs
,6,124,Talibus,talis,1,a-p---nb-
,6,124,orabat,oro,1,v3siia---
,6,124,dictis,dico,2,v-prppnb-
,6,124,aras,ara,1,n-p---fa-
,6,124,-que,-que,1,c--------
,6,124,tenebat,teneo,1,v3siia---
,6,124,cum,cum,1,c--------
,6,124,sic,sic,1,d--------
,6,124,orsa,ordior,,v-srpdfn_
,6,124,loqui,loquor,,v--pnd---
,6,124,vates,vates,1,n-s---fn-
,6,124,Sate,sero,1,v-srppmv-
,6,124,sanguine,sanguis,1,n-s---mb-
,6,124,divom,deus,,n-p---mg-
,6,124,Tros,Tros,1,n-s---mv-
,6,124,Anchisiade,Anchisiades,1,n-s---mv-
,6,124,facilis,facilis,1,a-s---mn-
,6,124,descensus,descensus,2,n-s---mn-
,6,124,Averno,Avernus,1,n-s---md-
,6,124,noctes,nox,1,n-p---fa-
,6,124,atque,atque,1,c--------
,6,124,dies,dies,,n-p---ma-
,6,124,patet,pateo,1,v3spia---
,6,124,atri,ater,1,a-s---mg-
,6,124,ianua,janua,1,n-s---fn-
,6,124,Ditis,Dis,2,n-s---mg-
,6,124,sed,sed,1,c--------
,6,124,revocare,revoco,1,v--pna---
,6,124,gradum,gradus,1,n-s---ma-
,6,124,superas,superus,1,a-p---fa-
,6,124,-que,-que,1,c--------
,6,124,evadere,evado,1,v--pna---
,6,124,ad,ad,1,r--------
,6,124,auras,aura,1,n-p---fa-
,6,124,hoc,hic,1,p-s---nn-
,6,124,opus,opus,1,n-s---nn-
,6,124,hic,hic,1,p-s---mn-
,6,124,labor,labor,2,n-s---mn-
,6,124,est,sum,1,v3spia---
,6,124,Pauci,paucus,,a-p---mn-
,6,124,quos,qui,1,p-p---ma-
,6,124,aequus,aequus,1,a-s---mn-
,6,124,amavit,amo,1,v3sria---
,6,124,Iuppiter,Juppiter,,n-s---mn-
,6,124,aut,aut,1,c--------
,6,124,ardens,ardeo,1,v-sppafn-
,6,124,evexit,eveho,1,v3sria---
,6,124,ad,ad,1,r--------
,6,124,aethera,aether,1,n-s---ma-
,6,124,virtus,virtus,1,n-s---fn-
,6,124,dis,deus,1,n-p---mb-
,6,124,geniti,gigno,1,v-prppmn-
,6,124,potuere,possum,1,v3pria---
,6,124,Tenent,teneo,1,v3ppia---
,6,124,media,medius,1,a-p---na-
,6,124,omnia,omnis,1,a-p---na-
,6,124,silvae,silva,1,n-p---fn-
,6,124,Cocytus,Cocytus,1,n-s---mn-
,6,124,-que,-que,1,c--------
,6,124,sinu,sinus,1,n-s---mb-
,6,124,labens,labor,1,v-sppamn-
,6,124,circumvenit,circumvenio,1,v3spia---
,6,124,atro,ater,1,a-s---mb-
,6,124,Quod,quod,1,c--------
,6,124,si,si,1,c--------
,6,124,tantus,tantus,1,a-s---mn-
,6,124,amor,amor,1,n-s---mn-
,6,124,menti,mens,1,n-s---fd-
,6,124,si,si,1,c--------
,6,124,tanta,tantus,1,a-s---fn-
,6,124,cupido,cupido,1,n-s---fn-
,6,124,est,sum,1,v3spia---
,6,124,bis,bis,1,d--------
,6,124,Stygios,Stygius,1,a-p---ma-
,6,124,innare,inno,1,v--pna---
,6,124,lacus,lacus,1,n-p---ma-
,6,124,bis,bis,1,d--------
,6,124,nigra,niger,1,a-p---na-
,6,124,videre,video,1,v--pna---
,6,124,Tartara,Tartara,1,n-p---na-
,6,124,et,et,1,c--------
,6,124,insano,insanus,1,a-s---md-
,6,124,iuvat,juvo,1,v3spia---
,6,124,indulgere,indulgeo,1,v--pna---
,6,124,labori,labor,2,n-s---md-
,6,124,accipe,accipio,1,v2spma---
,6,124,quae,qui,1,p-p---nn-
,6,124,peragenda,perago,1,v-ppgpnn-
,6,124,prius,prior,,d-------c
,6,124,Latet,lateo,1,v3spia---
,6,124,arbore,arbor,1,n-s---fb-
,6,124,opaca,opacus,1,a-s---fb-
,6,124,aureus,aureus,1,a-s---mn-
,6,124,et,et,1,c--------
,6,124,foliis,folium,1,n-p---nb-
,6,124,et,et,1,c--------
,6,124,lento,lentus,1,a-s---nb-
,6,124,vimine,vimen,1,n-s---nb-
,6,124,ramus,ramus,1,n-s---mn-
,6,124,Iunoni,Juno,1,n-s---fd-
,6,124,infernae,infernus,1,a-s---fd-
,6,124,dictus,dico,2,v-srppmn-
,6,124,sacer,sacer,1,a-s---mn-
,6,124,hunc,hic,1,p-s---ma-
,6,124,tegit,tego,1,v3spia---
,6,124,omnis,omnis,1,a-s---mn-
,6,124,lucus,lucus,1,n-s---mn-
,6,124,et,et,1,c--------
,6,124,obscuris,obscurus,1,a-p---fb-
,6,124,claudunt,claudo,1,v3ppia---
,6,124,convallibus,convallis,1,n-p---fb-
,6,124,umbrae,umbra,1,n-p---fn-
,6,124,Sed,sed,1,c--------
,6,124,non,non,1,d--------
,6,124,ante,ante,1,d--------
,6,124,datur,do,1,v3spip---
,6,124,telluris,tellus,1,n-s---fg-
,6,124,operta,operio,1,v-prppna-
,6,124,subire,subeo,1,v--pna---
,6,124,auricomos,auricomus,1,a-p---ma-
,6,124,quam,qui,1,d--------
,6,124,quis,quam,1,p-s---mn-
,6,124,decerpserit,decerpo,1,v3srsa---
,6,124,arbore,arbor,1,n-s---fb-
,6,124,fetus,fetus,2,n-p---ma-
,6,124,Hoc,hic,1,p-s---na-
,6,124,sibi,sui,,p-s---fd-
,6,124,pulchra,pulcher,1,a-s---fn-
,6,124,suum,suus,,p-s---na-
,6,124,ferri,fero,1,v--pnp---
,6,124,Proserpina,Proserpina,1,n-s---fn-
,6,124,munus,munus,1,n-s---na-
,6,124,instituit,instituo,,v3sria---
,6,124,Primo,primus,1,a-s---mb-
,6,124,avulso,avello,1,v-srppmb-
,6,124,non,non,1,d--------
,6,124,deficit,deficio,1,v3spia---
,6,124,alter,alter,1,a-s---mn-
,6,124,aureus,aureus,1,a-s---mn-
,6,124,et,et,1,c--------
,6,124,simili,similis,1,a-s---nb-
,6,124,frondescit,frondesco,1,v3spia---
,6,124,virga,virga,1,n-s---fn-
,6,124,metallo,metallum,1,n-s---nb-
,6,124,Ergo,ergo,1,d--------
,6,124,alte,altus,1,d--------
,6,124,vestiga,vestigo,1,v2spma---
,6,124,oculis,oculus,1,n-p---mb-
,6,124,et,et,1,c--------
,6,124,rite,rite,1,d--------
,6,124,repertum,reperio,,v-srppna-
,6,124,carpe,carpo,1,v2spma---
,6,124,manu,manus,1,n-s---fb-
,6,124,namque,nam,1,c--------
,6,124,ipse,ipse,1,p-s---mn-
,6,124,volens,volo,1,v-sppamn-
,6,124,facilis,facilis,1,a-s---mn-
,6,124,-que,-que,1,c--------
,6,124,sequetur,sequor,,v3sfid---
,6,124,si,si,1,c--------
,6,124,te,tu,1,p-s---ma-
,6,124,fata,fatum,1,n-p---nn-
,6,124,vocant,voco,1,v3ppia---
,6,124,aliter,alius,2,d-------_
,6,124,non,non,1,d--------
,6,124,viribus,vis,1,n-p---fb-
,6,124,ullis,ullus,1,a-p---fb-
,6,124,vincere,vinco,1,v--pna---
,6,124,nec,neque,,c--------
,6,124,duro,durus,1,a-s---nb-
,6,124,poteris,possum,1,v2sfia---
,6,124,convellere,convello,1,v--pna---
,6,124,ferro,ferrum,1,n-s---nb-
,6,124,Praeterea,praeterea,1,d--------
,6,124,iacet,jaceo,1,v3spia---
,6,124,exanimum,exanimus,1,a-s---nn-
,6,124,tibi,tu,1,p-s---md-
,6,124,corpus,corpus,1,n-s---nn-
,6,124,amici,amicus,1,a-s---mg-
,6,124,heu,heu,1,e--------
,6,124,nescis,nescio,1,v2spia---
,6,124,totam,totus,1,a-s---fa-
,6,124,-que,-que,1,c--------
,6,124,incestat,incesto,1,v3spia---
,6,124,funere,funus,1,n-s---nb-
,6,124,classem,classis,1,n-s---fa-
,6,124,dum,dum,1,c--------
,6,124,consulta,consulo,1,v-prppna-
,6,124,petis,peto,1,v2spia---
,6,124,nostro,noster,,p-s---nb-
,6,124,-que,-que,1,c--------
,6,124,in,in,1,r--------
,6,124,limine,limen,1,n-s---nb-
,6,124,pendes,pendeo,1,v2spia---
,6,124,Sedibus,sedes,1,n-p---fd-
,6,124,hunc,hic,1,p-s---ma-
,6,124,refer,refero,1,v2spma---
,6,124,ante,ante,1,d--------
,6,124,suis,suus,,p-p---fd-
,6,124,et,et,1,c--------
,6,124,conde,condo,1,v2spma---
,6,124,sepulchro,sepulcrum,1,n-s---nb-
,6,124,Duc,duco,1,v2spma---
,6,124,nigras,niger,1,a-p---fa-
,6,124,pecudes,pecus,2,n-p---fa-
,6,124,ea,is,1,p-p---nn-
,6,124,prima,primus,,m-p---fn-
,6,124,piacula,piaculum,1,n-p---nn-
,6,124,sunto,sum,1,v3pfma---
,6,124,sic,sic,1,d--------
,6,124,demum,demum,1,d--------
,6,124,lucos,lucus,1,n-p---ma-
,6,124,Stygis,Styx,1,n-s---fg-
,6,124,et,et,1,c--------
,6,124,regna,regnum,1,n-p---na-
,6,124,invia,invius,1,a-p---na-
,6,124,vivis,vivus,1,a-p---md-
,6,124,aspicies,aspicio,1,v2sfia---
,6,124,Dixit,dico,2,v3sria---
,6,124,presso,premo,1,v-srppnb-
,6,124,-que,-que,1,c--------
,6,124,obmutuit,obmutesco,1,v3sria---
,6,124,ore,os,1,n-s---nb-
,6,156,Aeneas,Aeneas,1,n-s---mn-
,6,156,maesto,maestus,1,a-s---mb-
,6,156,defixus,defigo,1,v-srppmn-
,6,156,lumina,lumen,1,n-p---na-
,6,156,voltu,vultus,1,n-s---mb-
,6,156,ingreditur,ingredior,1,v3spia---
,6,156,linquens,linquo,1,v-sppamn-
,6,156,antrum,antrum,1,n-s---na-
,6,156,caecos,caecus,1,a-p---ma-
,6,156,-que,-que,1,c--------
,6,156,volutat,voluto,1,v3spia---
,6,156,eventus,eventus,1,n-p---ma-
,6,156,animo,animus,1,n-s---mb-
,6,156,secum,sui,1,p-p---mb-
,6,156,Cui,qui,1,p-s---md-
,6,156,fidus,fidus,1,a-s---mn-
,6,156,Achates,Achates,2,n-s---mn-
,6,156,it,eo,1,v3spia---
,6,156,comes,comes,1,n-s---mn-
,6,156,et,et,1,c--------
,6,156,paribus,par,1,a-p---fb-
,6,156,curis,cura,1,n-p---fb-
,6,156,vestigia,vestigium,1,n-p---na-
,6,156,figit,figo,1,v3spia---
,6,156,Multa,multus,,a-p---na-
,6,156,inter,inter,1,r--------
,6,156,sese,sui,1,p-p---ma-
,6,156,vario,varius,1,a-s---mb-
,6,156,sermone,sermo,1,n-s---mb-
,6,156,serebant,sero,2,v3piia---
,6,156,quem,quis,1,p-s---ma-
,6,156,socium,socius,,a-s---ma-
,6,156,exanimem,exanimis,1,a-s---ma-
,6,156,vates,vates,,n-s---fn-
,6,156,quod,qui,1,p-s---na-
,6,156,corpus,corpus,1,n-s---na-
,6,156,humandum,humo,1,v-spgpna-
,6,156,diceret,dico,2,v3sisa---
,6,156,Atque,atque,1,c--------
,6,156,illi,ille,1,p-p---mn-
,6,156,Misenum,Misenus,1,n-s---ma-
,6,156,in,in,1,r--------
,6,156,litore,litus,3,n-s---nb-
,6,156,sicco,siccus,1,a-s---nb-
,6,156,ut,ut,1,c--------
,6,156,venere,venio,1,v3pria---
,6,156,vident,video,1,v3ppia---
,6,156,indigna,indignus,1,a-s---fb-
,6,156,morte,mors,1,n-s---fb-
,6,156,peremptum,peremo,1,v-srppma-
,6,156,Misenum,Misenus,1,n-s---ma-
,6,156,Aeoliden,Aeolides,1,n-s---ma-
,6,156,quo,qui,1,p-s---mb-
,6,156,non,non,1,d--------
,6,156,praestantior,praesto,2,v-sppamnc
,6,156,alter,alter,1,a-s---mn-
,6,156,aere,aes,1,n-s---mb-
,6,156,ciere,cieo,1,v--pna---
,6,156,viros,vir,1,n-p---ma-
,6,156,Martem,Mars,1,n-s---ma-
,6,156,-que,-que,1,c--------
,6,156,accendere,accendo,2,v--pna---
,6,156,cantu,cantus,1,n-s---mb-
,6,156,Hectoris,Hector,1,n-s---mg-
,6,156,hic,hic,1,p-s---mn-
,6,156,magni,magnus,1,a-s---mg-
,6,156,fuerat,sum,1,v3slia---
,6,156,comes,comes,1,n-s---mn-
,6,156,Hectora,Hector,1,n-s---ma-
,6,156,circum,circum,1,r--------
,6,156,et,et,1,c--------
,6,156,lituo,lituus,1,n-s---mb-
,6,156,pugnas,pugna,1,n-p---fa-
,6,156,insignis,insignis,1,a-s---mn-
,6,156,obibat,obeo,1,v3siia---
,6,156,et,et,1,c--------
,6,156,hasta,hasta,1,n-s---fb-
,6,156,postquam,postquam,1,c--------
,6,156,illum,ille,1,p-s---ma-
,6,156,vita,vita,1,n-s---fb-
,6,156,victor,victor,1,n-s---mn-
,6,156,spoliavit,spolio,1,v3sria---
,6,156,Achilles,Achilles,1,n-s---mn-
,6,156,Dardanio,Dardanius,1,a-s---md-
,6,156,Aeneae,Aeneas,1,n-s---md-
,6,156,sese,sui,,p-s---ma-
,6,156,fortissimus,fortis,1,a-s---mns
,6,156,heros,heros,1,n-s---mn-
,6,156,addiderat,addo,1,v3slia---
,6,156,socium,socius,1,n-s---ma-
,6,156,non,non,1,d--------
,6,156,inferiora,inferus,1,a-p---nac
,6,156,secutus,sequor,1,v-srppmn-
,6,156,Sed,sed,1,c--------
,6,156,tum,tum,1,d--------
,6,156,forte,fors,1,n-s---fb-
,6,156,cava,cavus,1,a-s---fb-
,6,156,dum,dum,1,c--------
,6,156,personat,persono,1,v3spia---
,6,156,aequora,aequor,1,n-p---na-
,6,156,concha,concha,1,n-s---fb-
,6,156,demens,demens,,a-s---mv-
,6,156,et,et,1,c--------
,6,156,cantu,cantus,1,n-s---mb-
,6,156,vocat,voco,1,v3spia---
,6,156,in,in,1,r--------
,6,156,certamina,certamen,1,n-p---na-
,6,156,divos,divus,,a-p---ma-
,6,156,aemulus,aemulus,1,a-s---mn-
,6,156,exceptum,excipio,1,v-srppma-
,6,156,Triton,Triton,1,n-s---mn-
,6,156,si,si,1,c--------
,6,156,credere,credo,1,v--pna---
,6,156,dignum,dignus,1,a-s---nn-
,6,156,est,sum,1,v3spia---
,6,156,inter,inter,1,r--------
,6,156,saxa,saxum,1,n-p---na-
,6,156,virum,vir,1,n-s---ma-
,6,156,spumosa,spumosus,1,a-s---fb-
,6,156,inmerserat,inmergo,1,v3slia---
,6,156,unda,unda,1,n-s---fb-
,6,156,Ergo,ergo,1,d--------
,6,156,omnes,omnis,1,a-p---mn-
,6,156,magno,magnus,1,a-s---mb-
,6,156,circum,circum,1,d--------
,6,156,clamore,clamor,1,n-s---mb-
,6,156,fremebant,fremo,1,v3piia---
,6,156,praecipue,praecipuus,1,d--------
,6,156,pius,pius,1,a-s---mn-
,6,156,Aeneas,Aeneas,1,n-s---mn-
,6,156,Tum,tum,1,d--------
,6,156,iussa,jubeo,,v-prppna-
,6,156,Sibyllae,Sibylla,1,n-s---fg-
,6,156,haud,haud,1,d--------
,6,156,mora,mora,1,n-s---fb-
,6,156,festinant,festino,1,v3ppia---
,6,156,flentes,fleo,1,v-pppamn-
,6,156,aram,ara,1,n-s---fa-
,6,156,-que,-que,1,c--------
,6,156,sepulchri,sepulcrum,1,n-s---ng-
,6,156,congerere,congero,1,v--pna---
,6,156,arboribus,arbor,1,n-p---fb-
,6,156,caelo,caelum,1,n-s---nd-
,6,156,-que,-que,1,c--------
,6,156,educere,educo,1,v--pna---
,6,156,certant,certo,2,v3ppia---
,6,156,Itur,eo,1,v3spip---
,6,156,in,in,1,r--------
,6,156,antiquam,antiquus,1,a-s---fa-
,6,156,silvam,silva,1,n-s---fa-
,6,156,stabula,stabulum,1,n-p---na-
,6,156,alta,altus,1,a-p---na-
,6,156,ferarum,ferus,,a-p---fg-
,6,156,procumbunt,procumbo,1,v3ppia---
,6,156,piceae,picea,1,n-p---fn-
,6,156,sonat,sono,1,v3spia---
,6,156,icta,jacio,,v-srppfn-
,6,156,securibus,securis,1,n-p---fb-
,6,156,ilex,ilex,1,n-s---fn-
,6,156,fraxineae,fraxineus,1,a-p---fn-
,6,156,-que,-que,1,c--------
,6,156,trabes,trabs,1,n-p---fn-
,6,156,cuneis,cuneus,1,n-p---mb-
,6,156,et,et,1,c--------
,6,156,fissile,fissilis,1,a-s---nn-
,6,156,robur,robur,1,n-s---nn-
,6,156,scinditur,scindo,1,v3spip---
,6,156,advolvunt,advolvo,1,v3ppia---
,6,156,ingentis,ingens,1,a-p---fa-
,6,156,montibus,mons,1,n-p---mb-
,6,156,ornos,ornus,1,n-p---fa-
,6,183,Nec,neque,,c--------
,6,183,non,non,1,d--------
,6,183,Aeneas,Aeneas,1,n-s---mn-
,6,183,opera,opus,1,n-p---na-
,6,183,inter,inter,1,r--------
,6,183,talia,talis,1,a-p---na-
,6,183,primus,primus,,m-s---mn-
,6,183,hortatur,hortor,,v3spid---
,6,183,socios,socius,,a-p---ma-
,6,183,paribus,par,1,a-p---nb-
,6,183,-que,-que,1,c--------
,6,183,accingitur,accingo,1,v3spip---
,6,183,armis,arma,1,n-p---nb-
,6,183,Atque,atque,1,c--------
,6,183,haec,hic,1,p-p---na-
,6,183,ipse,ipse,1,p-s---mn-
,6,183,suo,suus,,p-s---nb-
,6,183,tristi,tristis,1,a-s---nb-
,6,183,cum,cum,1,r--------
,6,183,corde,cor,1,n-s---nb-
,6,183,volutat,voluto,1,v3spia---
,6,183,aspectans,aspecto,1,v-sppamn-
,6,183,silvam,silva,1,n-s---fa-
,6,183,inmensam,immensus,1,a-s---fa-
,6,183,et,et,1,c--------
,6,183,sic,sic,1,d--------
,6,183,voce,vox,1,n-s---fb-
,6,183,precatur,precor,,v3spid---
,6,183,Si,si,1,c--------
,6,183,nunc,nunc,1,d--------
,6,183,se,sui,,p-s---ma-
,6,183,nobis,nos,1,p-p---md-
,6,183,ille,ille,1,p-s---mn-
,6,183,aureus,aureus,1,a-s---mn-
,6,183,arbore,arbor,1,n-s---fb-
,6,183,ramus,ramus,1,n-s---mn-
,6,183,ostendat,ostendo,1,v3spsa---
,6,183,nemore,nemus,1,n-s---nb-
,6,183,in,in,1,r--------
,6,183,tanto,tantus,1,a-s---nb-
,6,183,quando,quando,1,d--------
,6,183,omnia,omnis,1,a-p---na-
,6,183,vere,verus,1,d--------
,6,183,heu,heu,1,e--------
,6,183,nimium,nimius,,d-------_
,6,183,de,de,1,r--------
,6,183,te,tu,1,p-s---mb-
,6,183,vates,vates,1,n-s---fn-
,6,183,Misene,Misenus,1,n-s---mv-
,6,183,locuta,loquor,,v-srpdfn_
,6,183,est,sum,1,v3spia---
,6,183,Vix,vix,1,d--------
,6,183,ea,is,1,p-p---na-
,6,183,fatus,for,,v-srpdmn_
,6,183,erat,sum,1,v3siia---
,6,183,geminae,geminus,1,a-p---fn-
,6,183,cum,cum,1,c--------
,6,183,forte,fors,1,n-s---fb-
,6,183,columbae,columba,1,n-p---fn-
,6,183,ipsa,ipse,1,a-p---na-
,6,183,sub,sub,1,r--------
,6,183,ora,os,1,n-p---na-
,6,183,viri,vir,1,n-s---mg-
,6,183,caelo,caelum,1,n-s---nb-
,6,183,venere,venio,1,v3pria---
,6,183,volantes,volo,2,v-pppafn-
,6,183,et,et,1,c--------
,6,183,viridi,viridis,1,a-s---nb-
,6,183,sedere,sedeo,1,v3pria---
,6,183,solo,solum,1,n-s---nb-
,6,183,Tum,tum,1,d--------
,6,183,maximus,magnus,1,a-s---mns
,6,183,heros,heros,1,n-s---mn-
,6,183,maternas,maternus,1,a-p---fa-
,6,183,agnoscit,agnosco,1,v3spia---
,6,183,aves,avis,1,n-p---fa-
,6,183,laetus,laetus,1,a-s---mn-
,6,183,-que,-que,1,c--------
,6,183,precatur,precor,,v3spid---
,6,183,Este,sum,1,v2ppma---
,6,183,duces,dux,1,n-p---fn-
,6,183,O,o,2,e--------
,6,183,si,si,1,c--------
,6,183,qua,quis,2,p-s---fn-
,6,183,via,via,1,n-s---fn-
,6,183,est,sum,1,v3spia---
,6,183,cursum,cursus,1,n-s---ma-
,6,183,-que,-que,1,c--------
,6,183,per,per,1,r--------
,6,183,auras,aura,1,n-p---fa-
,6,183,dirigite,dirigo,1,v2ppma---
,6,183,in,in,1,r--------
,6,183,lucos,lucus,1,n-p---ma-
,6,183,ubi,ubi,1,c--------
,6,183,pinguem,pinguis,1,a-s---fa-
,6,183,dives,dives,1,a-s---mn-
,6,183,opacat,opaco,1,v3spia---
,6,183,ramus,ramus,1,n-s---mn-
,6,183,humum,humus,1,n-s---fa-
,6,183,Tu,tu,,p-s---fn-
,6,183,-que,-que,1,c--------
,6,183,O,o,2,e--------
,6,183,dubiis,dubius,1,a-p---fb-
,6,183,ne,ne,1,d--------
,6,183,defice,deficio,1,v2spma---
,6,183,rebus,res,1,n-p---fb-
,6,183,diva,divus,1,a-s---fv-
,6,183,parens,parens,2,n-s---fv-
,6,183,Sic,sic,1,d--------
,6,183,effatus,effor,,v-srpdmn_
,6,183,vestigia,vestigium,1,n-p---na-
,6,183,pressit,premo,1,v3sria---
,6,183,observans,observo,1,v-sppamn-
,6,183,quae,quis,1,p-p---na-
,6,183,signa,signum,1,n-p---na-
,6,183,ferant,fero,1,v3ppsa---
,6,183,quo,quo,1,d--------
,6,183,tendere,tendo,1,v--pna---
,6,183,pergant,pergo,1,v3ppsa---
,6,183,Pascentes,pasco,1,v-pppafn-
,6,183,illae,ille,1,p-p---fn-
,6,183,tantum,tantus,1,d--------
,6,183,prodire,prodeo,1,v--pna---
,6,183,volando,volo,2,v___d_-b-
,6,183,quantum,quantus,,d-------_
,6,183,acie,acies,1,n-s---fb-
,6,183,possent,possum,1,v3pisa---
,6,183,oculi,oculus,1,n-p---mn-
,6,183,servare,servo,1,v--pna---
,6,183,sequentum,sequor,1,v-pppamg-
,6,183,Inde,inde,1,d--------
,6,183,ubi,ubi,,d--------
,6,183,venere,venio,1,v3pria---
,6,183,ad,ad,1,r--------
,6,183,fauces,fauces,1,n-p---fa-
,6,183,grave,gravis,,a-s---na-
,6,183,olentis,oleo,1,v-sppamg-
,6,183,Averni,Avernus,1,a-s---mg-
,6,183,tollunt,tollo,1,v3ppia---
,6,183,se,sui,,p-p---fa-
,6,183,celeres,celer,1,a-p---fn-
,6,183,liquidum,liquidus,1,a-s---ma-
,6,183,-que,-que,1,c--------
,6,183,per,per,1,r--------
,6,183,aera,aer,1,n-s---ma-
,6,183,lapsae,labor,1,v-prppfn-
,6,183,sedibus,sedes,1,n-p---fb-
,6,183,optatis,opto,1,v-prppfb-
,6,183,geminae,geminus,1,a-p---fn-
,6,183,super,super,2,r--------
,6,183,arbore,arbor,1,n-s---fb-
,6,183,sidunt,sido,1,v3ppia---
,6,183,discolor,discolor,2,a-s---fn-
,6,183,unde,unde,1,d--------
,6,183,auri,aurum,1,n-s---ng-
,6,183,per,per,1,r--------
,6,183,ramos,ramus,1,n-p---ma-
,6,183,aura,aura,1,n-s---fn-
,6,183,refulsit,refulgeo,1,v3sria---
,6,183,Quale,qualis,,p-s---nn-
,6,183,solet,soleo,1,v3spia---
,6,183,silvis,silva,1,n-p---fb-
,6,183,brumali,brumalis,1,a-s---mb-
,6,183,frigore,frigor,1,n-s---mb-
,6,183,viscum,viscum,1,n-s---nn-
,6,183,fronde,frons,1,n-s---fb-
,6,183,virere,vireo,1,v--pna---
,6,183,nova,novus,1,a-s---fb-
,6,183,quod,qui,1,p-s---na-
,6,183,non,non,1,d--------
,6,183,sua,suus,,p-s---fn-
,6,183,seminat,semino,1,v3spia---
,6,183,arbos,arbor,1,n-s---fn-
,6,183,et,et,1,c--------
,6,183,croceo,croceus,1,a-s---mb-
,6,183,fetu,fetus,2,n-s---mb-
,6,183,teretis,teres,1,a-p---ma-
,6,183,circumdare,circumdo,1,v--pna---
,6,183,truncos,truncus,2,n-p---ma-
,6,183,talis,talis,1,a-s---fn-
,6,183,erat,sum,1,v3siia---
,6,183,species,species,1,n-s---fn-
,6,183,auri,aurum,1,n-s---ng-
,6,183,frondentis,frondeo,1,v-sppang-
,6,183,opaca,opacus,1,a-s---fb-
,6,183,ilice,ilex,1,n-s---fb-
,6,183,sic,sic,1,d--------
,6,183,leni,lenis,1,a-s---mb-
,6,183,crepitabat,crepito,1,v3siia---
,6,183,brattea,bractea,1,n-s---fn-
,6,183,vento,ventus,1,n-s---mb-
,6,183,Corripit,corripio,1,v3spia---
,6,183,Aeneas,Aeneas,1,n-s---mn-
,6,183,extemplo,extemplo,1,d--------
,6,183,avidus,avidus,1,a-s---mn-
,6,183,-que,-que,1,c--------
,6,183,refringit,refringo,1,v3spia---
,6,183,cunctantem,cunctor,1,v-sppama-
,6,183,et,et,1,c--------
,6,183,vatis,vates,1,n-s---fg-
,6,183,portat,porto,1,v3spia---
,6,183,sub,sub,1,r--------
,6,183,tecta,tectum,1,n-p---na-
,6,183,Sibyllae,Sibylla,1,n-s---fg-
,6,212,nec,neque,,c--------
,6,212,minus,parvus,,d-------c
,6,212,interea,interea,1,d--------
,6,212,Misenum,Misenus,1,n-s---ma-
,6,212,in,in,1,r--------
,6,212,litore,litus,3,n-s---nb-
,6,212,Teucri,Teucer,1,n-p---mn-
,6,212,flebant,fleo,1,v3piia---
,6,212,et,et,1,c--------
,6,212,cineri,cinis,1,n-s---md-
,6,212,ingrato,ingratus,1,a-s---md-
,6,212,suprema,superus,,a-p---nas
,6,212,ferebant,fero,1,v3piia---
,6,212,Principio,principium,1,n-s---nb-
,6,212,pinguem,pinguis,1,a-s---fa-
,6,212,taedis,taeda,1,n-p---fb-
,6,212,et,et,1,c--------
,6,212,robore,robur,1,n-s---nb-
,6,212,secto,seco,1,v-srppnb-
,6,212,ingentem,ingens,1,a-s---fa-
,6,212,struxere,struo,1,v3pria---
,6,212,pyram,pyra,1,n-s---fa-
,6,212,cui,qui,1,p-s---fd-
,6,212,frondibus,frons,1,n-p---fb-
,6,212,atris,ater,1,a-p---fb-
,6,212,intexunt,intexo,1,v3ppia---
,6,212,latera,latus,2,n-p---na-
,6,212,et,et,1,c--------
,6,212,ferales,feralis,1,a-p---fa-
,6,212,ante,ante,1,d--------
,6,212,cupressos,cupressus,1,n-p---fa-
,6,212,constituunt,constituo,1,v3ppia---
,6,212,decorant,decoro,1,v3ppia---
,6,212,-que,-que,1,c--------
,6,212,super,super,2,d--------
,6,212,fulgentibus,fulgeo,,v-ppp-nb-
,6,212,armis,arma,,n-p---nb-
,6,212,Pars,pars,1,n-s---fn-
,6,212,calidos,calidus,1,a-p---ma-
,6,212,latices,latex,1,n-p---ma-
,6,212,et,et,1,c--------
,6,212,aena,aenus,1,a-p---na-
,6,212,undantia,undo,1,v-pppana-
,6,212,flammis,flamma,1,n-p---fb-
,6,212,expediunt,expedio,1,v3ppia---
,6,212,corpus,corpus,1,n-s---na-
,6,212,-que,que,1,c--------
,6,212,lavant,lavo,1,v3ppia---
,6,212,frigentis,frigeo,1,v-sppamg-
,6,212,et,et,1,c--------
,6,212,unguunt,ungo,1,v3ppia---
,6,212,Fit,fio,1,v3spia---
,6,212,gemitus,gemitus,1,n-s---mn-
,6,212,Tum,tum,1,d--------
,6,212,membra,membrum,1,n-p---na-
,6,212,toro,torus,,n-s---mb-
,6,212,defleta,defleo,,v-prppna_
,6,212,reponunt,repono,1,v3ppia---
,6,212,purpureas,purpureus,1,a-p---fa-
,6,212,-que,-que,1,c--------
,6,212,super,super,2,d--------
,6,212,vestes,vestis,1,n-p---fa-
,6,212,velamina,velamen,1,n-p---na-
,6,212,nota,nosco,,v-prppna-
,6,212,coniciunt,conicio,1,v3ppia---
,6,212,Pars,pars,1,n-s---fn-
,6,212,ingenti,ingens,,a-s---nd-
,6,212,subiere,subeo,1,v3pria---
,6,212,feretro,feretrum,,n-s---nd-
,6,212,triste,tristis,,a-s---nn-
,6,212,ministerium,ministerium,,n-s---nn-
,6,212,et,et,1,c--------
,6,212,subiectam,subicio,,v-srppfa-
,6,212,more,mos,1,n-s---mb-
,6,212,parentum,parens,2,n-p---mg-
,6,212,aversi,averto,1,v-prppmn-
,6,212,tenuere,teneo,1,v3pria---
,6,212,facem,fax,1,n-s---fa-
,6,212,Congesta,congero,1,v-prppnn-
,6,212,cremantur,cremo,1,v3ppip---
,6,212,turea,tureus,1,a-p---nn-
,6,212,dona,donum,1,n-p---nn-
,6,212,dapes,daps,1,n-p---fn-
,6,212,fuso,fundo,1,v-srppnb-
,6,212,crateres,crater,1,n-p---mn-
,6,212,olivo,olivum,1,n-s---nb-
,6,212,Postquam,postquam,1,c--------
,6,212,conlapsi,collabor,,v-prpdmn_
,6,212,cineres,cinis,1,n-p---mn-
,6,212,et,et,1,c--------
,6,212,flamma,flamma,1,n-s---fn-
,6,212,quievit,quiesco,1,v3sria---
,6,212,reliquias,reliquiae,1,n-p---fa-
,6,212,vino,vinum,1,n-s---nb-
,6,212,et,et,1,c--------
,6,212,bibulam,bibulus,1,a-s---fa-
,6,212,lavere,lavo,1,v3pria---
,6,212,favillam,favilla,1,n-s---fa-
,6,212,ossa,os,2,n-p---na-
,6,212,-que,-que,1,c--------
,6,212,lecta,lego,2,v-prppna-
,6,212,cado,cadus,1,n-s---mb-
,6,212,texit,tego,1,v3sria---
,6,212,Corynaeus,Corynaeus,1,n-s---mn-
,6,212,aeno,aenus,1,a-s---mb-
,6,212,Idem,idem,1,p-s---mn-
,6,212,ter,ter,1,d--------
,6,212,socios,socius,,a-p---ma-
,6,212,pura,purus,1,a-s---fb-
,6,212,circumtulit,circumfero,1,v3sria---
,6,212,unda,unda,1,n-s---fb-
,6,212,spargens,spargo,1,v-sppamn-
,6,212,rore,ros,1,n-s---mb-
,6,212,levi,levis,1,a-s---mb-
,6,212,et,et,1,c--------
,6,212,ramo,ramus,1,n-s---mb-
,6,212,felicis,felix,1,a-s---fg-
,6,212,olivae,oliva,1,n-s---fg-
,6,212,lustravit,lustro,1,v3sria---
,6,212,-que,-que,1,c--------
,6,212,viros,vir,1,n-p---ma-
,6,212,dixit,dico,2,v3sria---
,6,212,-que,-que,1,c--------
,6,212,novissima,novus,,a-p---nas
,6,212,verba,verbum,1,n-p---na-
,6,212,At,at,1,c--------
,6,212,pius,pius,1,a-s---mn-
,6,212,Aeneas,Aeneas,1,n-s---mn-
,6,212,ingenti,ingens,1,a-s---fb-
,6,212,mole,moles,1,n-s---fb-
,6,212,sepulcrum,sepulcrum,1,n-s---na-
,6,212,imponit,impono,1,v3spia---
,6,212,sua,suus,,p-p---na-
,6,212,-que,-que,1,c--------
,6,212,arma,arma,1,n-p---na-
,6,212,viro,vir,1,n-s---md-
,6,212,remum,remus,1,n-s---ma-
,6,212,-que,-que,1,c--------
,6,212,tubam,tuba,1,n-s---fa-
,6,212,-que,-que,1,c--------
,6,212,monte,mons,1,n-s---mb-
,6,212,sub,sub,1,r--------
,6,212,aerio,aerius,1,a-s---mb-
,6,212,qui,qui,1,p-s---mn-
,6,212,nunc,nunc,1,d--------
,6,212,Misenus,Misenus,1,n-s---mn-
,6,212,ab,ab,1,r--------
,6,212,illo,ille,1,p-s---mb-
,6,212,dicitur,dico,2,v3spip---
,6,212,aeternum,aeternus,1,a-s---na-
,6,212,-que,-que,1,c--------
,6,212,tenet,teneo,1,v3spia---
,6,212,per,per,1,r--------
,6,212,saecula,saeculum,1,n-p---na-
,6,212,nomen,nomen,1,n-s---na-
,6,236,His,hic,1,p-p---nb-
,6,236,actis,ago,1,v-prppnb-
,6,236,propere,properus,1,d--------
,6,236,exsequitur,exsequor,,v3spid---
,6,236,praecepta,praecipio,1,v-prppna-
,6,236,Sibyllae,Sibylla,1,n-s---fg-
,6,236,Spelunca,spelunca,1,n-s---fn-
,6,236,alta,altus,1,a-s---fn-
,6,236,fuit,sum,1,v3sria---
,6,236,vasto,vastus,1,a-s---mb-
,6,236,-que,-que,1,c--------
,6,236,immanis,immanis,1,a-s---fn-
,6,236,hiatu,hiatus,1,n-s---mb-
,6,236,scrupea,scrupeus,1,a-s---fn-
,6,236,tuta,tueor,,v-srpdfn_
,6,236,lacu,lacus,1,n-s---mb-
,6,236,nigro,niger,1,a-s---mb-
,6,236,nemorum,nemus,1,n-p---ng-
,6,236,-que,-que,1,c--------
,6,236,tenebris,tenebrae,1,n-p---fb-
,6,236,quam,qui,1,p-s---fa-
,6,236,super,super,2,r--------
,6,236,haud,haud,1,d--------
,6,236,ullae,ullus,1,a-p---fn-
,6,236,poterant,possum,1,v3piia---
,6,236,impune,impunis,,d-------_
,6,236,volantes,volo,2,v-pppafn-
,6,236,tendere,tendo,1,v--pna---
,6,236,iter,iter,1,n-s---na-
,6,236,pennis,penna,1,n-p---fb-
,6,236,talis,talis,1,a-s---mn-
,6,236,sese,sui,1,p-s---ma-
,6,236,halitus,halitus,1,n-s---mn-
,6,236,atris,ater,1,a-p---fb-
,6,236,faucibus,fauces,1,n-p---fb-
,6,236,effundens,effundo,1,v-sppamn-
,6,236,supera,superus,,a-p---na-
,6,236,ad,ad,1,r--------
,6,236,convexa,convexus,1,a-p---na-
,6,236,ferebat,fero,1,v3siia---
,6,236,unde,unde,1,d--------
,6,236,locum,locus,1,n-s---ma-
,6,236,Grai,Graii,1,n-p---mn-
,6,236,dixerunt,dico,2,v3pria---
,6,236,nomine,nomen,1,n-s---nb-
,6,236,Aornon,Aornos,1,n-s---ma-
,6,236,quattuor,quattuor,1,m--------
,6,236,hic,hic,1,d--------
,6,236,primum,primus,1,d--------
,6,236,nigrantis,nigro,1,v-pppama-
,6,236,terga,tergum,1,n-p---na-
,6,236,iuvencos,juvencus,1,n-p---ma-
,6,236,constituit,constituo,1,v3spia---
,6,236,fronti,frons,2,n-s---fd-
,6,236,-que,-que,1,c--------
,6,236,invergit,invergo,1,v3spia---
,6,236,vina,vinum,1,n-p---na-
,6,236,sacerdos,sacerdos,1,n-s---fn-
,6,236,et,et,1,c--------
,6,236,summas,superus,,a-p---fas
,6,236,carpens,carpo,1,v-sppafn-
,6,236,media,medius,1,a-p---na-
,6,236,inter,inter,1,r--------
,6,236,cornua,cornu,1,n-p---na-
,6,236,saetas,saeta,1,n-p---fa-
,6,236,ignibus,ignis,1,n-p---mb-
,6,236,imponit,impono,1,v3spia---
,6,236,sacris,sacer,1,a-p---mb-
,6,236,libamina,libamen,1,n-p---na-
,6,236,prima,primus,,m-p---na-
,6,236,voce,vox,1,n-s---fb-
,6,236,vocans,voco,1,v-sppafn-
,6,236,Hecaten,Hecate,1,n-s---fa-
,6,236,Caelo,caelum,1,n-s---nb-
,6,236,-que,-que,1,c--------
,6,236,Erebo,Erebus,1,n-s---mb-
,6,236,-que,-que,1,c--------
,6,236,potentem,possum,1,v-sppafa-
,6,236,Supponunt,suppono,1,v3ppia---
,6,236,alii,alius,2,a-p---mn-
,6,236,cultros,culter,1,n-p---ma-
,6,236,tepidum,tepidus,1,a-s---ma-
,6,236,-que,-que,1,c--------
,6,236,cruorem,cruor,1,n-s---ma-
,6,236,suscipiunt,suscipio,1,v3ppia---
,6,236,pateris,patera,1,n-p---fb-
,6,236,Ipse,ipse,1,p-s---mn-
,6,236,atri,ater,1,a-s---ng-
,6,236,velleris,vellus,1,n-s---ng-
,6,236,agnam,agna,1,n-s---fa-
,6,236,Aeneas,Aeneas,1,n-s---mn-
,6,236,matri,mater,1,n-s---fd-
,6,236,Eumenidum,Eumenides,1,n-p---fg-
,6,236,magnae,magnus,1,a-s---fd-
,6,236,-que,-que,1,c--------
,6,236,sorori,soror,1,n-s---fd-
,6,236,ense,ensis,1,n-s---mb-
,6,236,ferit,ferio,1,v3spia---
,6,236,sterilem,sterilis,1,a-s---fa-
,6,236,-que,-que,1,c--------
,6,236,tibi,tu,1,p-s---fd-
,6,236,Proserpina,Proserpina,1,n-s---fv-
,6,236,vaccam,vacca,1,n-s---fa-
,6,236,Tum,tum,1,d--------
,6,236,Stygio,Stygius,1,a-s---md-
,6,236,regi,rex,1,n-s---md-
,6,236,nocturnas,nocturnus,1,a-p---fa-
,6,236,inchoat,incoho,1,v3spia---
,6,236,aras,ara,1,n-p---fa-
,6,236,et,et,1,c--------
,6,236,solida,solidus,1,a-p---na-
,6,236,imponit,impono,1,v3spia---
,6,236,taurorum,taurus,1,n-p---mg-
,6,236,viscera,viscera,1,n-p---na-
,6,236,flammis,flamma,1,n-p---fb-
,6,236,pingue,pinguis,1,a-s---na-
,6,236,super,super,2,r--------
,6,236,-que,-que,1,c--------
,6,236,oleum,oleum,1,n-s---na-
,6,236,infundens,infundo,1,v-sppamn-
,6,236,ardentibus,ardeo,1,v-pppanb-
,6,236,extis,exta,1,n-p---nb-
,6,236,Ecce,ecce,1,d--------
,6,236,autem,autem,1,c--------
,6,236,primi,primus,,m-s---mg-
,6,236,sub,sub,1,r--------
,6,236,lumina,lumen,1,n-p---na-
,6,236,solis,sol,1,n-s---mg-
,6,236,et,et,1,c--------
,6,236,ortus,ortus,2,n-p---ma-
,6,236,sub,sub,1,r--------
,6,236,pedibus,pes,,n-p---mb-
,6,236,mugire,mugio,1,v--pna---
,6,236,solum,solum,1,n-s---nn-
,6,236,et,et,1,c--------
,6,236,iuga,jugum,1,n-p---nn-
,6,236,coepta,coepio,1,v-prppnn-
,6,236,moveri,moveo,1,v--pnp---
,6,236,silvarum,silva,1,n-p---fg-
,6,236,visae,video,1,v-prppfn-
,6,236,-que,-que,1,c--------
,6,236,canes,canis,1,n-p---fn-
,6,236,ululare,ululo,1,v--pna---
,6,236,per,per,1,r--------
,6,236,umbram,umbra,1,n-s---fa-
,6,236,adventante,advento,1,v-sppafb-
,6,236,dea,dea,1,n-s---fb-
,6,236,Procul,procul,1,d--------
,6,236,O,o,2,e--------
,6,236,procul,procul,1,d--------
,6,236,este,sum,1,v2ppma---
,6,236,profani,profanus,1,a-p---mv-
,6,236,conclamat,conclamo,1,v3spia---
,6,236,vates,vates,1,n-s---fn-
,6,236,toto,totus,1,a-s---mb-
,6,236,absistite,absisto,1,v2ppma---
,6,236,-que,-que,1,c--------
,6,236,luco,lucus,1,n-s---mb-
,6,236,tu,tu,,p-s---mn-
,6,236,-que,-que,1,c--------
,6,236,invade,invado,1,v2spma---
,6,236,viam,via,1,n-s---fa-
,6,236,vagina,vagina,1,n-s---fb-
,6,236,-que,-que,1,c--------
,6,236,eripe,eripio,1,v2spma---
,6,236,ferrum,ferrum,1,n-s---na-
,6,236,nunc,nunc,1,d--------
,6,236,animis,animus,,n-p---mb-
,6,236,opus,opus,1,n-s---nn-
,6,236,Aenea,Aeneas,1,n-s---mv-
,6,236,nunc,nunc,1,d--------
,6,236,pectore,pectus,1,n-s---nb-
,6,236,firmo,firmus,1,a-s---nb-
,6,236,Tantum,tantus,,a-s---na-
,6,236,effata,effor,,v-srpdfn_
,6,236,furens,furo,1,v-sppafn-
,6,236,antro,antrum,,n-s---nb-
,6,236,se,sui,,p-s---fa-
,6,236,immisit,immitto,1,v3sria---
,6,236,aperto,aperio,,v-srppnb-
,6,236,ille,ille,1,p-s---mn-
,6,236,ducem,dux,1,n-s---fa-
,6,236,haud,haud,1,d--------
,6,236,timidis,timidus,1,a-p---mb-
,6,236,vadentem,vado,1,v-sppafa-
,6,236,passibus,passus,3,n-p---mb-
,6,236,aequat,aequo,1,v3spia---
,6,264,Di,deus,1,n-p---mv-
,6,264,quibus,qui,1,p-p---md-
,6,264,imperium,imperium,1,n-s---nn-
,6,264,est,sum,1,v3spia---
,6,264,animarum,anima,1,n-p---fg-
,6,264,umbrae,umbra,1,n-p---fv-
,6,264,-que,-que,1,c--------
,6,264,silentes,sileo,1,v-pppafv-
,6,264,et,et,1,c--------
,6,264,Chaos,chaos,1,n-s---mv-
,6,264,et,et,1,c--------
,6,264,Phlegethon,Phlegethon,1,n-s---mv-
,6,264,loca,locum,1,n-p---nv-
,6,264,nocte,nox,1,n-s---fb-
,6,264,tacentia,taceo,1,v-pppanv-
,6,264,late,latus,1,d--------
,6,264,sit,sum,1,v3spsa---
,6,264,mihi,ego,1,p-s---fd-
,6,264,fas,fas,1,n--------
,6,264,audita,audio,1,v-prppna-
,6,264,loqui,loquor,,v--pnd---
,6,264,sit,sum,1,v3spsa---
,6,264,numine,numen,1,n-s---nb-
,6,264,vestro,vester,,p-s---nb-
,6,264,pandere,pando,2,v--pna---
,6,264,res,res,1,n-p---fa-
,6,264,alta,altus,1,a-s---fb-
,6,264,terra,terra,1,n-s---fb-
,6,264,et,et,1,c--------
,6,264,caligine,caligo,1,n-s---fb-
,6,264,mersas,mergo,1,v-prppfa-
,6,268,Ibant,eo,1,v3piia---
,6,268,obscuri,obscurus,1,a-p---mn-
,6,268,sola,solus,1,a-s---fb-
,6,268,sub,sub,1,r--------
,6,268,nocte,nox,1,n-s---fb-
,6,268,per,per,1,r--------
,6,268,umbram,umbra,1,n-s---fa-
,6,268,per,per,1,r--------
,6,268,-que,-que,1,c--------
,6,268,domos,domus,1,n-p---fa-
,6,268,Ditis,Dis,2,n-s---mg-
,6,268,vacuas,vacuus,1,a-p---fa-
,6,268,et,et,1,c--------
,6,268,inania,inanis,1,a-p---na-
,6,268,regna,regnum,1,n-p---na-
,6,268,quale,qualis,,p-s---nn-
,6,268,per,per,1,r--------
,6,268,incertam,incertus,1,a-s---fa-
,6,268,lunam,luna,1,n-s---fa-
,6,268,sub,sub,1,r--------
,6,268,luce,lux,1,n-s---fb-
,6,268,maligna,malignus,1,a-s---fb-
,6,268,est,sum,1,v3spia---
,6,268,iter,iter,1,n-s---nn-
,6,268,in,in,1,r--------
,6,268,silvis,silva,1,n-p---fb-
,6,268,ubi,ubi,1,d--------
,6,268,caelum,caelum,1,n-s---na-
,6,268,condidit,condo,1,v3sria---
,6,268,umbra,umbra,1,n-s---fb-
,6,268,Iuppiter,Juppiter,,n-s---mn-
,6,268,et,et,1,c--------
,6,268,rebus,res,,n-p---fd-
,6,268,nox,nox,1,n-s---fn-
,6,268,abstulit,aufero,,v3sria---
,6,268,atra,ater,1,a-s---fn-
,6,268,colorem,color,1,n-s---ma-
,6,268,Vestibulum,vestibulum,1,n-s---na-
,6,268,ante,ante,1,r--------
,6,268,ipsum,ipse,1,p-s---na-
,6,268,primis,primus,,m-p---fb-
,6,268,-que,-que,1,c--------
,6,268,in,in,1,r--------
,6,268,faucibus,fauces,1,n-p---fb-
,6,268,Orci,Orcus,1,n-s---mg-
,6,268,Luctus,luctus,1,n-s---mn-
,6,268,et,et,1,c--------
,6,268,ultrices,ultrix,1,a-p---fn-
,6,268,posuere,pono,1,v3pria---
,6,268,cubilia,cubile,1,n-p---na-
,6,268,Curae,cura,1,n-p---fn-
,6,275,pallentes,palleo,1,v-pppamn-
,6,275,-que,-que,1,c--------
,6,275,habitant,habito,1,v3ppia---
,6,275,Morbi,morbus,1,n-p---mn-
,6,275,tristis,tristis,1,a-s---fn-
,6,275,-que,-que,1,c--------
,6,275,Senectus,senectus,2,n-s---fn-
,6,275,et,et,1,c--------
,6,275,Metus,metus,1,n-s---mn-
,6,275,et,et,1,c--------
,6,275,malesuada,malesuadus,1,a-s---fn-
,6,275,Fames,fames,1,n-s---fn-
,6,275,ac,atque,1,c--------
,6,275,turpis,turpis,1,a-s---fn-
,6,275,Egestas,egestas,1,n-s---fn-
,6,275,terribiles,terribilis,1,a-p---fn-
,6,275,visu,video,,v___sp---
,6,275,formae,forma,1,n-p---fn-
,6,277,Letum,Letum,,n-s---mn-
,6,277,-que,-que,1,c--------
,6,277,Labos,Labos,,n-s---mn-
,6,277,-que,-que,1,c--------
,6,278,tum,tum,1,d--------
,6,278,consanguineus,consanguineus,1,a-s---mn-
,6,278,Leti,letum,1,n-s---ng-
,6,278,Sopor,sopor,1,n-s---mn-
,6,278,et,et,1,c--------
,6,278,mala,malus,1,a-p---nn-
,6,278,mentis,mens,1,n-s---fg-
,6,278,Gaudia,gaudium,1,n-p---nn-
,6,278,mortiferum,mortiferus,1,a-s---nn-
,6,278,-que,-que,1,c--------
,6,278,adverso,adverto,,v-srppnb-
,6,278,in,in,1,r--------
,6,278,limine,limen,1,n-s---nb-
,6,278,Bellum,bellum,1,n-s---nn-
,6,278,ferrei,ferreus,,a-p---mn-
,6,278,-que,-que,1,c--------
,6,278,Eumenidum,Eumenides,1,n-p---fg-
,6,278,thalami,thalamus,,n-p---mn-
,6,278,et,et,1,c--------
,6,278,Discordia,discordia,1,n-s---fn-
,6,278,demens,demens,1,a-s---fn-
,6,278,vipereum,vipereus,1,a-s---ma-
,6,278,crinem,crinis,1,n-s---ma-
,6,278,vittis,vitta,1,n-p---fb-
,6,278,innexa,innecto,1,v-srppfn-
,6,278,cruentis,cruentus,1,a-p---fb-
,6,282,In,in,1,r--------
,6,282,medio,medius,,a-s---nb-
,6,282,ramos,ramus,1,n-p---ma-
,6,282,annosa,annosus,1,a-p---na-
,6,282,-que,-que,1,c--------
,6,282,brachia,bracchium,1,n-p---na-
,6,282,pandit,pando,2,v3spia---
,6,282,ulmus,ulmus,1,n-s---fn-
,6,282,opaca,opacus,1,a-s---fn-
,6,282,ingens,ingens,1,a-s---fn-
,6,282,quam,qui,1,p-s---fa-
,6,282,sedem,sedes,1,n-s---fa-
,6,282,Somnia,somnium,1,n-p---na-
,6,282,volgo,vulgus,,d-------_
,6,282,vana,vanus,1,a-p---na-
,6,282,tenere,teneo,1,v--pna---
,6,282,ferunt,fero,1,v3ppia---
,6,282,foliis,folium,1,n-p---nb-
,6,282,-que,-que,1,c--------
,6,282,sub,sub,1,r--------
,6,282,omnibus,omnis,1,a-p---nb-
,6,282,haerent,haereo,1,v3ppia---
,6,282,Multa,multus,1,a-p---nn-
,6,282,-que,-que,1,c--------
,6,282,praeterea,praeterea,1,d--------
,6,282,variarum,varius,1,a-p---fg-
,6,282,monstra,monstrum,1,n-p---nn-
,6,282,ferarum,ferus,,a-p---fg-
,6,282,Centauri,Centaurus,1,n-p---mn-
,6,282,in,in,1,r--------
,6,282,foribus,foris,1,n-p---fb-
,6,282,stabulant,stabulo,1,v3ppia---
,6,282,Scyllae,Scylla,1,n-p---fn-
,6,282,-que,-que,1,c--------
,6,282,biformes,biformis,1,a-p---fn-
,6,282,et,et,1,c--------
,6,282,centumgeminus,centumgeminus,1,a-s---mn-
,6,282,Briareus,Briareus,1,n-s---mn-
,6,282,ac,atque,1,c--------
,6,282,belua,belua,1,n-s---fn-
,6,282,Lernae,Lerna,1,n-s---fg-
,6,282,horrendum,horreo,,v-s-g-na-
,6,282,stridens,strideo,1,v-sppafn-
,6,282,flammis,flamma,1,n-p---fb-
,6,282,-que,-que,1,c--------
,6,282,armata,armo,1,v-srppfn-
,6,282,Chimaera,Chimaera,1,n-s---fn-
,6,282,Gorgones,Gorgon,1,n-p---fn-
,6,282,Harpyiae,Harpyiae,1,n-p---fn-
,6,282,-que,-que,1,c--------
,6,282,et,et,1,c--------
,6,282,forma,forma,1,n-s---fn-
,6,282,tricorporis,tricorpor,1,a-s---fg-
,6,282,umbrae,umbra,1,n-s---fg-
,6,282,Corripit,corripio,1,v3spia---
,6,282,hic,hic,1,d--------
,6,282,subita,subeo,1,v-srppfb-
,6,282,trepidus,trepidus,1,a-s---mn-
,6,282,formidine,formido,2,n-s---fb-
,6,282,ferrum,ferrum,1,n-s---na-
,6,282,Aeneas,Aeneas,1,n-s---mn-
,6,282,strictam,stringo,1,v-srppfa-
,6,282,-que,-que,1,c--------
,6,282,aciem,acies,1,n-s---fa-
,6,282,venientibus,venio,1,v-pppamd-
,6,282,offert,offero,1,v3spia---
,6,282,et,et,1,c--------
,6,282,ni,ni,,d--------
,6,282,docta,doceo,1,v-srppfn-
,6,282,comes,comes,1,n-s---fn-
,6,282,tenues,tenuis,1,a-p---fa-
,6,282,sine,sine,1,r--------
,6,282,corpore,corpus,1,n-s---nb-
,6,282,vitas,vita,1,n-p---fa-
,6,282,admoneat,admoneo,1,v3spsa---
,6,282,volitare,volito,1,v--pna---
,6,282,cava,cavus,1,a-s---fb-
,6,282,sub,sub,1,r--------
,6,282,imagine,imago,1,n-s---fb-
,6,282,formae,forma,1,n-s---fg-
,6,282,inruat,inruo,1,v3spsa---
,6,282,et,et,1,c--------
,6,282,frustra,frustra,1,d--------
,6,282,ferro,ferrum,1,n-s---nb-
,6,282,diverberet,diverbero,1,v3spsa---
,6,282,umbras,umbra,1,n-p---fa-
,6,295,Hinc,hinc,1,d--------
,6,295,via,via,1,n-s---fn-
,6,295,Tartarei,Tartareus,1,a-s---mg-
,6,295,quae,qui,1,p-s---fn-
,6,295,fert,fero,1,v3spia---
,6,295,Acherontis,Acheron,1,n-s---mg-
,6,295,ad,ad,1,r--------
,6,295,undas,unda,1,n-p---fa-
,6,295,Turbidus,turbidus,1,a-s---mn-
,6,295,hic,hic,1,d--------
,6,295,caeno,caenum,1,n-s---nb-
,6,295,vasta,vastus,1,a-s---fb-
,6,295,-que,-que,1,c--------
,6,295,voragine,vorago,1,n-s---fb-
,6,295,gurges,gurges,1,n-s---mn-
,6,295,aestuat,aestuo,1,v3spia---
,6,295,atque,atque,1,c--------
,6,295,omnem,omnis,1,a-s---fa-
,6,295,Cocyto,Cocytus,1,n-s---md-
,6,295,eructat,eructo,1,v3spia---
,6,295,harenam,harena,1,n-s---fa-
,6,295,Portitor,portitor,2,n-s---mn-
,6,295,has,hic,1,p-p---fa-
,6,295,horrendus,horreo,1,v-spgpmn-
,6,295,aquas,aqua,1,n-p---fa-
,6,295,et,et,1,c--------
,6,295,flumina,flumen,1,n-p---na-
,6,295,servat,servo,1,v3spia---
,6,295,terribili,terribilis,1,a-s---mb-
,6,295,squalore,squalor,1,n-s---mb-
,6,295,Charon,Charon,1,n-s---mn-
,6,295,cui,qui,1,p-s---md-
,6,295,plurima,multus,1,a-s---fns
,6,295,mento,mentum,1,n-s---nb-
,6,295,canities,canities,1,n-s---fn-
,6,295,inculta,incultus,1,a-s---fn-
,6,295,iacet,jaceo,1,v3spia---
,6,295,stant,sto,1,v3ppia---
,6,295,lumina,lumen,1,n-p---nn-
,6,295,flamma,flamma,1,n-s---fb-
,6,295,sordidus,sordidus,1,a-s---mn-
,6,295,ex,ex,1,r--------
,6,295,umeris,umerus,1,n-p---mb-
,6,295,nodo,nodus,1,n-s---mb-
,6,295,dependet,dependeo,1,v3spia---
,6,295,amictus,amictus,2,n-s---mn-
,6,295,Ipse,ipse,1,p-s---mn-
,6,295,ratem,ratis,1,n-s---fa-
,6,295,conto,contus,1,n-s---mb-
,6,295,subigit,subigo,1,v3spia---
,6,295,velis,vela,1,n-p---fd-
,6,295,-que,-que,1,c--------
,6,295,ministrat,ministro,1,v3spia---
,6,295,et,et,1,c--------
,6,295,ferruginea,ferrugineus,1,a-s---fb-
,6,295,subvectat,subvecto,1,v3spia---
,6,295,corpora,corpus,1,n-p---na-
,6,295,cymba,cymba,1,n-s---fb-
,6,295,iam,jam,1,d--------
,6,295,senior,senex,,a-s---mnc
,6,295,sed,sed,1,c--------
,6,295,cruda,crudus,1,a-s---fn-
,6,295,deo,deus,1,n-s---md-
,6,295,viridis,viridis,1,a-s---fn-
,6,295,-que,-que,1,c--------
,6,295,senectus,senectus,2,n-s---fn-
,6,295,Huc,huc,1,d--------
,6,295,omnis,omnis,1,a-s---fn-
,6,295,turba,turba,1,n-s---fn-
,6,295,ad,ad,1,r--------
,6,295,ripas,ripa,1,n-p---fa-
,6,295,effusa,effundo,1,v-srppfn-
,6,295,ruebat,ruo,1,v3siia---
,6,295,matres,mater,1,n-p---fn-
,6,295,atque,atque,1,c--------
,6,295,viri,vir,1,n-s---mn-
,6,295,defuncta,defungor,,v-prpdnn_
,6,295,-que,-que,1,c--------
,6,295,corpora,corpus,1,n-p---nn-
,6,295,vita,vita,1,n-s---fb-
,6,295,magnanimum,magnanimus,1,a-p---mg-
,6,295,heroum,heros,1,n-p---mg-
,6,295,pueri,puer,1,n-p---mn-
,6,295,innuptae,innubo,1,v-prppfn-
,6,295,-que,-que,1,c--------
,6,295,puellae,puella,1,n-p---fn-
,6,295,impositi,impono,1,v-prppmn-
,6,295,-que,-que,1,c--------
,6,295,rogis,rogus,1,n-p---mb-
,6,295,iuvenes,juvenis,,a-p---mn-
,6,295,ante,ante,1,r--------
,6,295,ora,os,1,n-p---na-
,6,295,parentum,parens,2,n-p---mg-
,6,295,quam,qui,1,d--------
,6,295,multa,multus,1,a-p---nn-
,6,295,in,in,1,r--------
,6,295,silvis,silva,1,n-p---fb-
,6,295,autumni,auctumnus,1,n-s---mg-
,6,295,frigore,frigor,1,n-s---mb-
,6,295,primo,primus,,m-s---mb-
,6,295,lapsa,labor,1,v-prpdnn_
,6,295,cadunt,cado,1,v3ppia---
,6,295,folia,folium,1,n-p---nn-
,6,295,aut,aut,1,c--------
,6,295,ad,ad,1,r--------
,6,295,terram,terra,1,n-s---fa-
,6,295,gurgite,gurges,1,n-s---mb-
,6,295,ab,ab,1,r--------
,6,295,alto,altus,1,a-s---mb-
,6,295,quam,qui,1,d--------
,6,295,multae,multus,1,a-p---fn-
,6,295,glomerantur,glomero,1,v3ppip---
,6,295,aves,avis,1,n-p---fn-
,6,295,ubi,ubi,,d--------
,6,295,frigidus,frigidus,1,a-s---mn-
,6,295,annus,annus,1,n-s---mn-
,6,295,trans,trans,1,r--------
,6,295,pontum,pontus,1,n-s---ma-
,6,295,fugat,fugo,1,v3spia---
,6,295,et,et,1,c--------
,6,295,terris,terra,1,n-p---fb-
,6,295,immittit,immitto,1,v3spia---
,6,295,apricis,apricus,1,a-p---fb-
,6,295,Stabant,sto,1,v3piia---
,6,295,orantes,oro,1,v-pppamn-
,6,295,primi,primus,,m-p---mn-
,6,295,transmittere,transmitto,1,v--pna---
,6,295,cursum,cursus,1,n-s---ma-
,6,295,tendebant,tendo,1,v3piia---
,6,295,-que,-que,1,c--------
,6,295,manus,manus,1,n-p---fa-
,6,295,ripae,ripa,1,n-s---fg-
,6,295,ulterioris,ulter,,a-s---fgc
,6,295,amore,amor,1,n-s---mb-
,6,295,Navita,nauta,1,n-s---mn-
,6,295,sed,sed,1,c--------
,6,295,tristis,tristis,1,a-s---mn-
,6,295,nunc,nunc,1,d--------
,6,295,hos,hic,1,p-p---ma-
,6,295,nunc,nunc,1,d--------
,6,295,accipit,accipio,1,v3spia---
,6,295,illos,ille,1,p-p---ma-
,6,295,ast,at,1,c--------
,6,295,alios,alius,2,a-p---ma-
,6,295,longe,longus,1,d--------
,6,295,submotos,submoveo,1,v-prppma-
,6,295,arcet,arceo,1,v3spia---
,6,295,harena,harena,1,n-s---fb-
,6,295,Aeneas,Aeneas,1,n-s---mn-
,6,295,miratus,miror,,v-srpdmn_
,6,295,enim,enim,1,c--------
,6,295,motus,moveo,1,v-srppmn-
,6,295,-que,-que,1,c--------
,6,295,tumultu,tumultus,1,n-s---mb-
,6,295,Dic,dico,2,v2spma---
,6,295,ait,aio,1,v3spia---
,6,295,O,o,2,e--------
,6,295,virgo,virgo,1,n-s---fv-
,6,295,quid,quis,1,p-s---na-
,6,295,volt,volo,1,v3spia---
,6,295,concursus,concursus,1,n-s---mn-
,6,295,ad,ad,1,r--------
,6,295,amnem,amnis,1,n-s---ma-
,6,295,Quid,quis,1,p-s---na-
,6,295,-ve,ve,1,c--------
,6,295,petunt,peto,1,v3ppia---
,6,295,animae,anima,1,n-p---fn-
,6,295,vel,vel,1,c--------
,6,295,quo,quis,1,p-s---nb-
,6,295,discrimine,discrimen,1,n-s---nb-
,6,295,ripas,ripa,1,n-p---fa-
,6,295,hae,hic,1,p-p---fn-
,6,295,linquunt,linquo,1,v3ppia---
,6,295,illae,ille,1,p-p---fn-
,6,295,remis,remus,1,n-p---mb-
,6,295,vada,vadum,1,n-p---na-
,6,295,livida,lividus,1,a-p---na-
,6,295,verrunt,verro,1,v3ppia---
,6,295,Olli,ille,1,p-s---md-
,6,295,sic,sic,1,d--------
,6,295,breviter,brevis,1,d--------
,6,295,fata,for,,v-srpdfn_
,6,295,est,sum,1,v3spia---
,6,295,longaeva,longaevus,1,a-s---fn-
,6,295,sacerdos,sacerdos,1,n-s---fn-
,6,295,Anchisa,Anchises,1,n-s---mb-
,6,295,generate,genero,1,v-srppmv-
,6,295,deum,deus,1,n-p---mg-
,6,295,certissima,certus,1,a-s---fns
,6,295,proles,proles,1,n-s---fn-
,6,295,Cocyti,Cocytus,1,n-s---mg-
,6,295,stagna,stagnum,1,n-p---na-
,6,295,alta,altus,1,a-p---na-
,6,295,vides,video,1,v2spia---
,6,295,Stygiam,Stygius,1,a-s---fa-
,6,295,-que,-que,1,c--------
,6,295,paludem,palus,2,n-s---fa-
,6,295,di,deus,1,n-p---mn-
,6,295,cuius,qui,1,p-s---fg-
,6,295,iurare,juro,1,v--pna---
,6,295,timent,timeo,1,v3ppia---
,6,295,et,et,1,c--------
,6,295,fallere,fallo,1,v--pna---
,6,295,numen,numen,1,n-s---na-
,6,295,Haec,hic,1,p-s---fn-
,6,295,omnis,omnis,1,a-s---fn-
,6,295,quam,qui,1,p-s---fa-
,6,295,cernis,cerno,1,v2spia---
,6,295,inops,inops,1,a-s---fn-
,6,295,inhumata,inhumatus,1,a-s---fn-
,6,295,-que,-que,1,c--------
,6,295,turba,turba,1,n-s---fn-
,6,295,est,sum,1,v3spia---
,6,295,portitor,portitor,2,n-s---mn-
,6,295,ille,ille,1,p-s---mn-
,6,295,Charon,Charon,1,n-s---mn-
,6,295,hi,hic,1,p-p---mn-
,6,295,quos,qui,1,p-p---ma-
,6,295,vehit,veho,1,v3spia---
,6,295,unda,unda,1,n-s---fn-
,6,295,sepulti,sepelio,1,v-prppmn-
,6,295,Nec,neque,,c--------
,6,295,ripas,ripa,1,n-p---fa-
,6,295,datur,do,1,v3spip---
,6,295,horrendas,horreo,,v-p-g-fa-
,6,295,et,et,1,c--------
,6,295,rauca,raucus,1,a-p---na-
,6,295,fluenta,fluentum,1,n-p---na-
,6,295,transportare,transporto,1,v--pna---
,6,295,prius,prior,,d-------c
,6,295,quam,qui,1,d--------
,6,295,sedibus,sedes,1,n-p---fb-
,6,295,ossa,os,2,n-p---nn-
,6,295,quierunt,quiesco,1,v3pria---
,6,295,Centum,centum,1,m--------
,6,295,errant,erro,1,v3ppia---
,6,295,annos,annus,1,n-p---ma-
,6,295,volitant,volito,1,v3ppia---
,6,295,-que,-que,1,c--------
,6,295,haec,hic,1,p-p---na-
,6,295,litora,litus,3,n-p---na-
,6,295,circum,circum,1,r--------
,6,295,tum,tum,1,d--------
,6,295,demum,demum,1,d--------
,6,295,admissi,admitto,1,v-prppmn-
,6,295,stagna,stagnum,1,n-p---na-
,6,295,exoptata,exopto,1,v-prppna-
,6,295,revisunt,reviso,1,v3ppia---
,6,295,Constitit,consto,1,v3sria---
,6,295,Anchisa,Anchises,1,n-s---mb-
,6,295,satus,sero,1,v-srppmn-
,6,295,et,et,1,c--------
,6,295,vestigia,vestigium,1,n-p---na-
,6,295,pressit,premo,1,v3sria---
,6,295,multa,multus,1,a-p---na-
,6,295,putans,puto,1,v-sppamn-
,6,295,sortem,sors,1,n-s---fa-
,6,295,-que,-que,1,c--------
,6,295,animo,animus,1,n-s---mb-
,6,295,miseratus,miseror,,v-srpdmn_
,6,295,iniquam,iniquus,1,a-s---fa-
,6,295,Cernit,cerno,1,v3spia---
,6,295,ibi,ibi,1,d--------
,6,295,maestos,maestus,1,a-p---ma-
,6,295,et,et,1,c--------
,6,295,mortis,mors,1,n-s---fg-
,6,295,honore,honor,1,n-s---mb-
,6,295,carentes,careo,,v-ppp-ma-
,6,295,Leucaspim,Leucaspis,1,n-s---ma-
,6,295,et,et,1,c--------
,6,295,Lyciae,Lycius,1,a-s---fg-
,6,295,ductorem,ductor,1,n-s---ma-
,6,295,classis,classis,1,n-s---fg-
,6,295,Oronten,Orontes,1,n-s---ma-
,6,295,quos,qui,1,p-p---ma-
,6,295,simul,simul,1,d--------
,6,295,ab,ab,1,r--------
,6,295,Troia,Troja,1,n-s---fb-
,6,295,ventosa,ventosus,1,a-p---na-
,6,295,per,per,1,r--------
,6,295,aequora,aequor,1,n-p---na-
,6,295,vectos,veho,1,v-prppma-
,6,295,obruit,obruo,,v3sria---
,6,295,Auster,auster,1,n-s---mn-
,6,295,aqua,aqua,1,n-s---fb-
,6,295,involvens,involvo,1,v-sppamn-
,6,295,navem,navis,1,n-s---fa-
,6,295,-que,-que,1,c--------
,6,295,viros,vir,1,n-p---ma-
,6,295,-que,-que,1,c--------
